id,alt,now,link,about,dates,image,title,title2,status
1,<blank>,2021-11-24 06:52:48,<blank>,<blank>,<blank>,uploads/banners/Exhibitor.png,<blank>,<blank>,1
2,<blank>,2021-11-24 06:52:56,<blank>,<blank>,<blank>,uploads/banners/Screenshot_11.png,<blank>,<blank>,1
3,<blank>,2021-11-24 06:53:03,<blank>,<blank>,<blank>,uploads/banners/Screenshot_1.png,<blank>,<blank>,1
4,<blank>,2022-04-15 13:11:07,<blank>,<blank>,<blank>,uploads/banners/Lynn.png,<blank>,<blank>,1
5,<blank>,2022-05-14 09:15:29,<blank>,<blank>,<blank>,uploads/banners/Den.png,<blank>,<blank>,1
6,<blank>,2022-12-30 13:49:51,<blank>,<blank>,<blank>,uploads/banners/Marty.png,<blank>,<blank>,0
7,<blank>,2023-01-19 12:11:42,<blank>,<blank>,<blank>,uploads/banners/Gates.png,<blank>,<blank>,1
8,<blank>,2023-01-21 12:19:07,<blank>,<blank>,<blank>,uploads/banners/Abbas.png,<blank>,<blank>,0
9,<blank>,2023-01-21 12:19:21,<blank>,<blank>,<blank>,uploads/banners/Kath.png,<blank>,<blank>,1
10,<blank>,2023-01-21 12:19:38,<blank>,<blank>,<blank>,uploads/banners/David.png,<blank>,<blank>,1
11,<blank>,2023-01-21 12:20:31,<blank>,<blank>,<blank>,uploads/banners/Jen.png,<blank>,<blank>,1
12,<blank>,2023-01-25 08:59:56,<blank>,<blank>,<blank>,uploads/banners/Swemer.png,<blank>,<blank>,1
13,<blank>,2023-01-25 09:12:42,<blank>,<blank>,<blank>,uploads/banners/Meen.png,<blank>,<blank>,1
14,<blank>,2023-02-07 16:28:49,<blank>,<blank>,<blank>,uploads/banners/Gb.png,<blank>,<blank>,1
15,<blank>,2023-02-07 16:36:15,<blank>,<blank>,<blank>,uploads/banners/Mehta.png,<blank>,<blank>,0
16,<blank>,2023-02-10 11:47:54,<blank>,<blank>,<blank>,uploads/banners/Gloria_Banner.png,<blank>,<blank>,1
17,<blank>,2023-03-14 08:24:49,<blank>,<blank>,<blank>,uploads/banners/Andrea_Ban.png,<blank>,<blank>,1
18,<blank>,2023-03-14 08:57:09,<blank>,<blank>,<blank>,uploads/banners/Rocio.png,<blank>,<blank>,1
19,<blank>,2023-03-14 10:51:54,<blank>,<blank>,<blank>,uploads/banners/Tiaj_Ban.png,<blank>,<blank>,1
20,<blank>,2023-03-15 06:28:24,<blank>,<blank>,<blank>,uploads/banners/Priyanca.png,<blank>,<blank>,1
21,<blank>,2023-03-25 13:25:06,<blank>,<blank>,<blank>,uploads/banners/Huanyu.png,<blank>,<blank>,1
22,<blank>,2023-11-01 07:47:52,<blank>,<blank>,<blank>,uploads/banners/UNTIL Banner (790 x 360 px)-min (1).png,<blank>,<blank>,1

