id,now,email,phone,name,country,message
1,2021-12-01 11:00:46,rajesharja90@gmail.com,8074581910,saswati mishra,Austria,<blank>
2,2021-12-13 08:09:50,rajesharja90@gmail.com,8074581910,saswati mishra,Afghanistan,<blank>
3,2021-12-17 15:01:46,gvvsraonaidu@gmail.com,355465578875,Subbu,Azerbaijan,fdg
4,2022-01-29 16:06:38,rajesharja90@gmail.com,8074581910,saswati mishra,Aruba,dgfhgkj
5,2022-02-02 13:16:44,rajesharja90@gmail.com,08074581910,Test,India,<blank>
6,2022-02-23 10:17:26,gv@test.com,fgre,admin,Niue,ewf
7,2022-03-01 13:41:21,marinan.pastore@gmail.com,258857468417,Marina Pastore,Mozambique,<blank>
8,2022-03-02 19:40:43,claire.kaplan@katiekoestner.com,1+ 434-242-9734,"Claire N. Kaplan, Ph.D.",United States,"Hello, I am interested in submitting an abstract, however because I'm an independent consultant, expenses are up to me. Is travel and lodging for presenters covered by the conference organizer?"
9,2022-03-09 09:42:31,christeranditi@gmail.com,0625857916,Christer Anditi,South Africa,Looking forward to the conference. 
10,2022-03-09 19:25:43,federicorleone@gmail.com,013481262,Federico Leon,Peru,I may be interested.
11,2022-03-15 08:26:09,vijaypalsingh3@gmail.com,09235885777,VIJAY P SINGH,India,please provide brochure for Gender Studies Conference
12,2022-04-19 07:35:46,inshah.malik@gmail.com,+989938195395,Inshah Malik ,"Iran, Islamic Republic of",<blank>
13,2022-04-25 13:24:00,koayea-larbi@st.ug.edu.gh,+233 244039753,Kofi Okyere Akyea-Larbi,Ghana,I am pleased to be part of this
14,2022-05-04 14:34:55,Saeed.bahadory@yahoo.com,00989351535626,Saeed Bahadory,"Iran, Islamic Republic of",<blank>
15,2022-06-07 08:41:30,rajesharja90@gmail.com,8074581910,saswati mishra,Barbados,<blank>
16,2022-06-07 22:54:11,sylviansah@gmail.com,+233-544800104,Dr. Sylvia Owusu-Ansah,Ghana,I will submit my abstract for the conference latest by the end of June as I am currently in Germany presenting a paper at the University of Heidelberg. Best Regards.\r\n\r\n\r\n
17,2022-06-13 14:34:20,rajesharja90@gmail.com,8074581910,Rajesh Arja,India,trjdktufly
18,2022-06-24 15:01:22,d.j.janson@bath.ac.uk,07866452453,Debbie Janson,United Kingdom,<blank>
19,2022-07-17 02:08:24,mehrimohammadi1370@gmail.com,+989370567104,Mehri,"Iran, Islamic Republic of",<blank>
20,2022-07-18 08:08:27,manishsrj24@gmail.com,08447253598,MANISH KAITHWAS,India,Brochure
21,2022-07-28 16:50:24,shirley@agingcongress.com,08074581910,Rajesh Arja,India,<blank>
22,2022-08-23 08:51:56,rajesharja90@gmail.com,08074581910,Rajesh Arja,India,<blank>
23,2022-09-04 21:39:08,nikitagagneja1992@gmail.com,9911274126,Nikita Gagneja ,India,"Kindly share the brochure containing details of the themes and sub-themes and travel and accommodation for international presentors, if selected. Thank you "
24,2022-09-28 09:20:38,s.jayaramreddy2018@gmail.com,3058980894,admin,Angola,<blank>
25,2022-10-01 05:56:37,s.jayaramreddy2018@gmail.com,165484,admin,Antigua and Barbuda,<blank>
26,2022-10-19 12:40:16,cmayer@siena.edu,5182859731,Chingyen Mayer,United States,Good morning.\r\nPlease kindly let me know when my presentation time is and a video link to join the congress virtually. With best wishes.   Chingyen Mayer
27,2022-10-22 10:39:32,isabel.gomez@gcloud.ua.es,630400621,ISABEL MARIA GOMEZ TRIGUEROS,Spain,Hello:\r\nMy name is Isabel María Gómez Trigueros. I am a speaker at the congress and I would like to be able to save the program of the event for later presentations of my CV.\r\nI'm waiting.\r\nA cordial greeting.
28,2022-10-29 10:32:29,gvvsraonaidu@gmail.com,6504279198,admin,Afghanistan,<blank>
29,2022-10-31 09:31:09,rajesharja90@gmail.com,08074581910,Rajesh Arja,India,<blank>
30,2022-11-03 09:04:12,rajesharja90@gmail.com,08074581910,Rajesh Arja,India,<blank>
31,2022-11-07 09:55:10,gvvsraonaidu@gmail.com,6504279198,admin,Bahamas,<blank>
32,2022-11-08 07:12:11,s.jayaramreddy2018@gmail.com,3058980894,admin,Azerbaijan,<blank>
33,2022-11-08 08:37:00,rajesharja90@gmail.com,08074581910,Rajesh Arja,India,<blank>
34,2022-12-25 22:06:46,nikitamittal76@gmail.com,9871461208,Nikita Mittal,India,Registration charges and Publication Opportunity?
35,2023-01-04 07:15:02,anbumalardc@gmail.com,8939027879,Anbumalar C,India,"Greetings of the day, \r\nI, Anbumalar C, pursuing Ph.D at VIT, Chennai.  I would like to download the brochure of the Conference.  I am facing an issue in downloading the brochure to get information regarding the conference.  Kindly do the needful.\r\nThank You"
36,2023-01-17 18:38:43,sdsa@gmail.com,d,dsd,Barbados,<blank>
37,2023-02-01 14:48:07,johnny.golding@rca.ac.uk,+447554885055,johnny golding,United Kingdom,dear mary jones - thank you very much for your invitation as speaker to this interesting event. i would very much like a bit more detail on what might be involved - but in principle i would like to accept - just need a bit more detail. many thanks\r\njohnny golding 
38,2023-02-02 05:55:55,zeinab.hashesh@gmail.com,5454941,Zeinab Said Hashesh,Egypt,<blank>
39,2023-02-08 07:24:31,imelda.angeles@ust.edu.ph,639154490643,imelda angeles,Philippines,<blank>
40,2023-02-12 01:12:44,profjai16@gmail.com,9099983193,Jaishankar K,India,<blank>
41,2023-02-19 09:02:27,sanbhu77@gmail.com,8601539479,SANDEEP KUMAR YADAV,India,<blank>
42,2023-02-23 09:19:50,rxs981@case.edu,12166006309,reema sen,United States,<blank>
43,2023-03-15 05:07:00,gvsd@dgfd,ag,Test,Afghanistan,ag
44,2023-04-17 17:56:13,aliciamarie.schweiger@uzh.ch,41763420134,alicia schweiger,Switzerland,<blank>
45,2023-05-03 13:03:33,gvvsraonaidu@gmail.com,17325261166,Shirley,India,sd
46,2023-06-12 20:24:41,cherles@uga.edu,706-207-9730,Cecilia Herles,United States,Can you please send me the zoom link for my presentation online? I can't access the conference online and I'm presenting tomorrow!
47,2023-06-21 15:03:36,richitapradhan@gmail.com,07978983996,Richita Sulagna Pradhan ,India,"May I please know about the publication opportunities? There wasn't anything mentioned on the website, kindly revert back. Thank you."
48,2023-06-24 20:03:42,mail@mail,0691173839,RIADI SAMIR,Germany,Videos XXX VCD Muscle Boy Adult Movies XXL DVD Sexology Child Adult Cage Adult NES Download Made in USA
49,2023-07-18 09:27:49,debajaneebora@dibru.ac.in,6900821100,Debajanee Bora,India,I want a copy of the Conference brochure and the details of the registration fees\r\n
50,2023-07-26 08:40:36,rajesharja90@gmail.com,08074581910,Rajesh Arja,India,<blank>
51,2023-07-26 11:40:15,s.jayaramreddy2018@gmail.com,3058980894,admin,Albania,<blank>
52,2023-09-16 07:56:24,gvvsraonaidu@gmail.com,08500567893,SubbaRao,India,<blank>
53,2023-09-21 17:49:09,thepsychehealer@gmail.com,9076258664,Palomi Kurade,India,<blank>
54,2023-12-21 08:05:50,thepsychehealer@gmail.com,9076258664,Palomi Kurade,India,<blank>

