id,alt,now,home,about,image,title,country,sorting,status,description
1,<blank>,2021-11-24 07:24:35,0,Nova Southeastern University,uploads/images/Carmen M. Cusack.jpg.jpg,Carmen M. Cusack,USA,0,1,"<p><strong>Carmen M. Cusack</strong>, J.D., Ph.D. is an advocate for saving the white tiger. Her specialization involves researching how Americans may bring white tigers from India to the United States to live in comfortable exhibits. Her work significantly overlaps with animal advocacy. For example, she served as a legal clerk at People for the Ethical Treatment of Animals (PETA) headquarters in Norfolk, Virginia, USA. One of the courses that she teaches at Nova Southeastern University in the Department of Justice and Human Services, called Animals in the Criminal Justice System, examines how an animal law treatise, Animals and Criminal Justice (Transaction Publishers, 2014), may affect systemic application of animal welfare policies to benefit white tigers.</p>\r\n\r\n<p>Professor Cusack’s research extends to the U.S. Coast Guard. Her colleague, Commander Matthew E. Waranius, M.S., manages projects developed by zoos, including Audubon Nature Institute and San Diego Zoo. He contributes management expertise to Journal of Law and Social Deviance (LSD Journal), which publishes groundbreaking research in the area of legal studies. “Save the White Tiger” and “Saving Captive White Tigers” relay how white tigers may be saved through exhibition, education, and species-specific policy enforcement. Dr. Cusack is the Editor of LSD Journal. She serves as an editorial board member in the area of Political Communication for Cambridge Scholars Publishing. Her books with Cambridge Scholars Publishing include Animals, Deviance, and Sex (2015) and Twins and Deviance (2016), which discusses examples of animals and global issues affecting Asians (e.g., China’s two-child policy). Her most recent publication is Fish in the Bible (Vernon Press, 2017).</p>\r\n"
6,<blank>,2022-08-12 14:53:45,NULL,"McMaster University,",uploads/images/Tracy Bear.jpg.jpg,Tracy Bear,Canada,NULL,1,"<p><strong>Dr. Tracy Bear</strong> is a Nehiyaw’iskwew (Cree woman) from Montreal Lake First Nations and Director for the McMaster Indigenous Research Institute (MIRI) and Assistant Professor for the Faculty of Social Sciences. Prior to her 2021 move to McMaster, she was the Academic Lead and Professor of a hugely successful MOOC, (massive open online course) called, ‘Indigenous Canada’ which continues to grow with 3, 000 new learners every week. Tracy continues to collaborate with Canadian celebrity, Dan Levy, and her University of Alberta team to facilitate a live question and answer period on Youtube to discuss Indigenous history and contemporary social issues. ‘Indigenous Canada’ currently has over 450,000 students with a growth of 3,000 learners every week.</p>\r\n\r\n<p>Tracy also a co-produces a popular storytelling and performance-based show called ‘Tipi Confessions’ which also includes a research-creation laboratory series. Since 2010, Tracy has been volunteering and teaching in prisons, and in 2018 with a team of Unruly Women began a project called ‘Indigenous Women & Youth Resiliency Project&rsquo; that supports a ‘pipeline from prison to post-secondary' for incarcerated and formerly incarcerated Indigenous women. Tracy’s intersectional research includes social justice, prison abolition, body sovereignty, sexuality and gender, and contemporary Indigenous art & politics. Her favourite quote is borrowed from Theodore Roosevelt, &ldquo;... If I fail, at least I fail while daring greatly, so that my place shall never be with those cold and timid souls who neither know victory nor defeat.”</p>\r\n"
7,<blank>,2022-08-12 14:55:02,NULL,"CUNY School of Law,",uploads/images/Lisa Davis.png.png,Lisa Davis,USA,NULL,1,"<p><strong>Professor Davis </strong>has written and reported extensively on international human rights and gender issues, including women's rights and LGBTIQ rights, with a focus on peacebuilding and security issues in conflict and disaster settings. Lisa has testified before U.S. Congress, U.K. Parliament, the Inter-American Commission on Human Rights and various international human rights bodies. Lisa is also a member of the JRR-UN Women SGBV Justice Experts Roster. In 2016, Professor Davis was elected by their peers to deliver the civil society statement for the U.N. Security Council's open debate on the use of sexual violence in conflict situations.</p>\r\n\r\n<p>Professor Davis is an alum of CUNY Law School and joined the faculty in 2010. Lisa currently serves as a board member of the LGBT Social Science and Public Policy Center at Roosevelt House. Prior to joining CUNY Law, Professor Davis established the advocacy department at MADRE, an international women's human rights organization, and developed the legal advocacy platform to advance women's human rights in peace-building and security issues. Lisa currently serves as MADRE's Senior Legal Advisor.</p>\r\n"
8,<blank>,2022-08-12 14:56:18,NULL,"Fudan Univeristy,",uploads/images/Qiang Luo.jpg.jpg,Qiang Luo,China,NULL,1,"<p><strong>Qiang Luo</strong> has completed his PhD from the National University of Defence Technology in 2010 and postdoctoral studies from the Shanghai Center for Mathematical Sciences at Fudan University. He is the Founding Director of the Compulational Psychiatry Center at Fudan Univeresity, and was elected as a Visiting Fellow at the Clare Hall, University of Cambridge. He has published more than 50 papers in reputed journals such as JAMA Psychiatry and has been serving as an editorial board member of prestigious journals including Psychological Medicine.</p>\r\n"
9,<blank>,2022-08-12 14:57:37,0,"University of Alicante,",uploads/images/Isabel Maria Gomez Trigueros.png.png,Isabel Maria Gomez Trigueros,Spain,NULL,1,<p>PhD in Educational Sciences from the University of Alicante. She is a Associate Professor in the Department of General Didactics and Specific Didactics of the Faculty of Education of the University of Alicante. Extraordinary Doctorate Award in 2018. She’s the Directorof the Master's Degree in Research and Master's Degree in Teaching at the Faculty of Education. Professor of Geography and History of Secondary Education.</p>\r\n
10,<blank>,2022-08-12 14:59:59,0,"Siena College,",uploads/images/Screenshot_2.png.png,Chingyen Mayer,USA,NULL,1,"<p>Chingyen Mayer, Ph.D. is Associate Professor English at Siena College, Loudonville NY. Her primary research interests are issues of home and exile, femininity and masculinity in Asian American literature. She has published peer-reviewed journal articles, book chapters, and served as a guest editor for Asiatic, a peer-reviewed journal.</p>\r\n"
11,<blank>,2022-08-12 15:01:11,0,"University of Malaya,",uploads/images/Rosila Bee Mohd Hussain.png.png,Rosila Bee Mohd Hussain,Malaysia,NULL,1,"<p><strong>Rosila Bee Mohd Hussain</strong> is currently a senior lecturer in Department of Anthropology and Sociology, University of Malaya, Malaysia. She has completed her PhD from The Western Australia University in Sociology. She has vast interest and expertise in social inequality, identity, cross-cultural study, youth culture and contemporary social issues. She has also published more than 60 papers including journal articles, book chapters and proceedings and still actively producing new outputs from her research to share with the world. She hopes to conduct more research on these areas in near future, including cross-cultural studies in or outside Malaysia.</p>\r\n"
12,<blank>,2022-08-12 15:02:20,0,"Indian Institute of Management (Lucknow),",uploads/images/Vijay Pal Singh.jpg.jpg,Vijay Pal Singh,India,NULL,1,"<p><strong>Dr Vijay P</strong> has earned his Ph.D. in the year 2009 from Babasaheb Bhimrao (Central) University, Lucknow India. He is Area Chair and Faculty of Legal Aspect of Management in Indian Institute of Management Lucknow (IIML).\xa0 Before joining he was associated with Banaras Hindu University, Varanasi and University of Petroleum and Energy Studies. Dehradun. He has published more than 15 papers in reputed journals and one book. He has presented papers at national and international conferences. His teaching and research areas include Business Laws, Criminal law -\xa0 including cybercrimes, Gender studies, Terrorism, Human Rights, and ADR.</p>\r\n"
13,<blank>,2022-08-12 15:03:36,0,"University of Michigan,",uploads/images/Mieko Yoshihama.jpg.jpg,Mieko Yoshihama,USA,NULL,1,"<p><strong>Mieko Yoshihama</strong>, Ph.D. is a professor of social work at the University of Michigan and a licensed social worker. Her research and practice focus on the prevention of gender-based violence and the promotion of safety of marginalized communities. Adopting a wide range of research methodologies, including art-based and participatory methods and quantitative-qualitative analyses, she examines the intersectional influence of gender,race/ethnicity, immigration status, and other social positionalities on the risk and consequences of intersectional oppression, while also innovating socioculturally responsive prevention/intervention programs. In examining the social construction of gendered disparities in disaster, she promotes more inclusive policies and program responses.</p>\r\n\r\n<p>\xa0</p>\r\n"
14,<blank>,2022-08-12 15:04:41,0,"IIT - Roorkee, ",uploads/images/Kumari Ruchi.jpg.jpg,Kumari Ruchi,India,NULL,1,"<p>A Junior Research Fellow at IIT Roorkee, Kumari Ruchi is currently working on Body and Desire in Alternate Sexuality in the Indian Underprivileged Society. Her paper, ‘Concept of Absurdity in The Zoo story and The Bald Soprano’ was published in an interdisciplinary, peer reviewed journal- Vasant Sahastradhara.</p>\r\n"
15,<blank>,2022-08-12 15:08:05,0,"SOAS, University of London, ",uploads/images/Sidonia Lucia Kula.jpeg.jpeg,Sidonia Lucia Kula,UK,NULL,1,"<p><strong>Lucia Kula</strong> is an International Human Rights Lawyer and Lecturer in Law and Gender. Her research focuses on an interdisciplinary study of international law, forced migration and gendered violence through an auto-ethnographic lens. With a background in EU law and human rights law, her interest in the language and the epistemology of legal scholarship weaves together the lived experiences of those in liminal spaces of belonging such as borders and borderlands. Through an interrogation of feminist legal scholarship, she examines how legal theory understands (il)legality and (im)mobility, and how conflict and violence affects displaced bodies through the multidimensional continuum of cross-border migration.</p>\r\n"
16,<blank>,2022-08-12 15:09:14,0,"Spelman College, ",uploads/images/Beverly Guy-Sheftall.jpg.jpg,Beverly Guy-Sheftall,USA,NULL,1,"<p><strong>BEVERLY GUY-SHEFTALL</strong> is founding director of the Women’s Research and Resource Center (since 1981) and Anna Julia Cooper Professor of Women’s Studies at Spelman College.\xa0 She is also an adjunct professor at Emory University’s Institute for Women’s Studies where she teaches graduate courses in their doctoral program. She is currently President of the National Women’s Studies Association (NWSA).</p>\r\n\r\n<p>At the age of sixteen, Guy-Sheftall entered Spelman College where she majored in English and minored in secondary education.\xa0 After graduation with honors, she attended Wellesley College for a fifth year of study in English.\xa0 After a year at Wellesley, she entered Atlanta University to pursue a master’s degree in English.\xa0 Her thesis was entitled “Faulkner’s Treatment of Women in His Major Novels.”\xa0 A year later Guy-Sheftall began her first teaching job in the Department of English at Alabama State University in Montgomery, Alabama.\xa0 In 1971 she returned to her alma mater, Spelman College, and joined the English Department.</p>\r\n\r\n<p>Guy-Sheftall has published a number of texts within African American and Women’s Studies which include the first anthology on Black women’s literature, Sturdy Black Bridges: Visions of Black Women in Literature (Doubleday, 1979), which she coedited with Roseann P. Bell and Bettye Parker Smith; her dissertation, Daughters of Sorrow: Attitudes Toward Black Women, 1880-1920 (Carlson, 1991); Words of Fire: An Anthology of African American Feminist Thought (New Press, 1995); an anthology she coedited with Rudolph\xa0 P. Byrd entitled Traps: African American Men on Gender and Sexuality (Indiana University Press, 2001).\xa0 Her most recent publication is a coauthored monograph (with Johnnetta Betsch Cole), Gender Talk: The Struggle for Equality in African American Communities, which was published by Random House in 2003.\xa0 Upcoming publications include an anthology of Audre Lorde’s writings (with Rudolph P. Byrd and Johnnetta Betsch Cole, Oxford University Press); a new edition of But Some of Us Are Brave (with Stanlie James and Frances Foster, Feminist Press); and a collection of writings on the race/gender debate during the 2008 U.S. presidential election (with Johnnetta Betsch Cole, SUNY Press).\xa0 In 1983 she became founding editor of Sage: A Scholarly Journal on Black Women which was devoted exclusively to the experiences of women of African descent and published from 1983-1996.</p>\r\n\r\n<p>Guy-Sheftall is the recipient of numerous fellowships and awards, among them a National Kellogg Fellowship; a Woodrow Wilson Fellowship for dissertations in Women’s Studies; and Spelman’s Presidential Faculty Award for outstanding scholarship. She has been involved with the national women’s studies movement since its inception and provided leadership for the establishment of the first women’s studies major at a historically Black college.\xa0 Beyond the academy, she has been involved in a number of advocacy organizations which include the National Black Women’s Health Project, the National Council for Research on Women, and the National Coalition of 100 Black Women, on whose boards she has served.\xa0 In her role as Director of Spelman’s Women’s Center, she has also been involved with the development of student activism around misogynist images of Black women in hip hop as well as a broad range of social justice issues, including reproductive rights and violence against women. She teaches women’s studies courses, including feminist theory and global Black feminisms.</p>\r\n"
17,<blank>,2022-08-12 15:13:16,0,"Wilfred Laurier University, ",uploads/images/Screenshot_5.png.png,Dalon Taylor,Canada,NULL,1,"<p><strong>Dalon P. Taylor</strong> is an Assistant Professor in the Faculty of\xa0 Social Work at Wilfrid Laurier University in Canada, an Adjunct Professor in the Social Work Department at Trent University and a part-time lecturer in the University of Windsor’s Master of Social Work for Working Professionals program.\xa0 She is a PhD Candidate (ABD) in Social Work at York University.</p>\r\n\r\n<p>Her dissertation focused on the historical and contemporary functioning of race and gender in shaping the adjustment and labour market experiences of racialized skilled immigrant women from the Caribbean in Canada. Her research interests include migration, immigration and skilled migration, disrupting colonial construction of women of colour and, in particular, immigrant women, race, racism, anti-Black racism, and community development-health inequities.</p>\r\n"
18,<blank>,2022-08-12 15:14:55,NULL,"University of Maroua, ",uploads/images/Nanche Billa Robert.jpg.jpg,Nanche Billa Robert,Cameroon,NULL,1,"<p><strong>Nanche Billa Robert </strong>is a senior lecturer at the Department of Sociology, Anthropology and Social Sciences for Development at the University of Maroua. His research has focused on the measurement and determinants of urban poverty.\xa0 He has published over ten articles and book chapters on age, gender, family, income, education, marital status, occupation, religion as determinants of urban poverty.\xa0 He is a member of aging and social change research network based at the University of Illinois Research Park; he is also a member of the International Union for the Scientific Study of Population (IUSSP).</p>\r\n\r\n<p>\xa0</p>\r\n"
19,<blank>,2022-08-12 15:15:57,0,"University of Worcester, ",uploads/images/Holly Barnes-Bennetts.jpg.jpg,Holly Barnes-Bennetts,United Kingdom,NULL,1,"<p><strong>Holly Barnes-Bennetts</strong> has been a Media & Culture lecturer at the University of Worcester, UK since 2016. She is currently working on her PhD exploring positive sexual consent. Holly Received her Masters by Research from Bournemouth University, UK in 2016 and completed her undergraduate studies at Southampton Solent University, UK.Holly is the founder of the Consent is Positive Project www.consentispositive.co.uk</p>\r\n"
20,<blank>,2022-08-12 15:18:56,0,"The University of the West Indies, ",uploads/images/Karen Carpenter.png.png,Karen Carpenter,Jamaica,NULL,1,"<p>Her areas of specialization include: Gender & Sexuality, Interpersonal Dynamics, Diversity and Relational Challenges. She is a Psychologist and Florida Board Certified Clinical Sexologist. She is the Editor of Interweaving Tapestries of Sexuality & Culture; author of Love & Sex: The Basics and Questioning Caribbean Jewish Identity, and co-author of the upcoming Language, Race & the Global Jamaican. Dr. Carpenter is the host of Love & Sex for radio and television. Her research interests include: gender & human sexuality; psycholinguistics; phenomenology.</p>\r\n\r\n<p>Dr. Carpenter is also the Director for The Caribbean Sexuality Research Group (CSRG) free Sexology Clinic, at the University Hospital of The West Indies.</p>\r\n"
21,<blank>,2022-08-12 15:22:21,0,"University of Roehampton, ",uploads/images/Screenshot_4.png.png,Giridhar Raghunathan,United Kingdom,NULL,1,"<p><strong>Giridhar Raghunathan</strong> is a professional dancer, teacher, researcher, author and public speaker. He holds an M.F.A with distinction, in Bharatanatyam (Indian classical dance) from Bharathidasan University, India and an M.Tech in Medical Nanotechnology from SASTRA University, India. He has published and reviewed several articles and has compiled a book titled “Bharta Nrtta Bhaashyam”, a primer for the students of bharatanatyam. He is currently a Visiting Lecturer and PhD candidate at the University of Roehampton, UK. His research focuses on the niche interdisciplinary area of dance, gender and sexuality. Giridhar thanks Roehampton-University-Sacred-Heart (RUSH) Foundation for providing financial assistance for his PhD.</p>\r\n\r\n<p>\xa0</p>\r\n"
24,<blank>,2022-12-15 10:29:49,1,Queen's University Belfast,uploads/images/Maria-removebg-preview.png.png,Maria Lohan ,United Kingdom,4,1,"<p>Professor Maria Lohan is Chair in Social Sciences and Health, School of Nursing & Midwifery and Theme Lead for Maternal and Child Health. She is also a Fellow of the Centre for Evidence and Social Innovation.</p>\r\n\r\n<p>Professor Lohan&rsquo;s research team is dedicated to better understanding inequalities in health in society, especially in relation to improving men’s sexual health and involvement in reproduction and parenting.</p>\r\n\r\n<p>She leads a programme of research undertaking systematic reviews and developing and evaluating evidence-based educational and health care interventions to improve men’s sexual health and to enhance men’s involvement in reproductive health and parenting.</p>\r\n\r\n<p>The objective of this research is to generate new thinking on men’s roles in sexual health, reproduction and parenting.</p>\r\n"
23,<blank>,2022-09-07 16:31:12,NULL,Chapman University,uploads/images/vesper north.jpg.jpg,Vesper North,United States,NULL,1,"<p>Vesper North (no pronouns) is a writer and artist based in Orange County, CA. North teaches English and communications and is a contributor at the Los Angeles Review of Books.</p>\r\n"
25,<blank>,2022-12-15 10:33:03,1,"Co-Founder, Gorgo Consulting & Board Member, 50:50 NI",uploads/images/Emma+Rainey-removebg-preview.png.png,Emma Rainey,Belgium,3,1,"<p>Emma Rainey is a member of the board of directors at 50:50 NI where she is leading their research activities. After co-founding Gorgo Consulting, Emma works as a consultant carrying out research and gender analysis on the intersections of gender justice. She is a member of the Society for Gender Professionals and co-manages the Solidarity Programme and Partnership Committee. Emma is also a member of the gender and non-discrimination advisory panel for the European Citizen Action Service. Emma holds a bachelor’s degree in Criminology and Sociology from Queen’s University Belfast, a Master’s degree in Criminology from KU Leuven, and she is currently studying gender and sexuality studies at Karlstad University.</p>\r\n"
26,<blank>,2022-12-15 10:52:27,1,Open University Malaysia,uploads/images/Nooraini.jpg.jpg,Nooraini Youp,Malaysia,5,1,"<p>She is a Director and Senior Lecturer for Open University Malaysia. She is a Board Director for one of Top Ten Coop in Malaysia name Koperasi Tunas Muda Sg Ara Sdn Bhd, (KTMSAB) Penang. She is the Chairman for Debt Collector ,Exco member for Learning and Development for the KTMSAB and Chairman for Sri Tunas Edar (a subsidiary for KTMSAB).She is the member of Institute of Corporate Directors Malaysia.</p>\r\n\r\n<p>She is an accomplished director with domestic and international experience in operations. P & L oversight, and marketing involving both start-up and growth organizations. Result oriented, decisive leader with proven success in new market identification and strategic positioning for multi million education industries. Track record of increasing sales and growing bottom line while spreading operational improvements to drive productivity and reduce costs. Excel in dynamic, demanding environments while remaining pragmatic and focused.</p>\r\n\r\n<p>She has 27 years of experienced in manufacturing and education industries. Offer outstanding leadership skill with high integrity and committed to job task. Business oriented and result driven person. She drives the organization in a positive revenue growth. Pleasant personality and great rapport with stakeholders.</p>\r\n\r\n<p>Taking leadership and entrepreneurial skills at a different level to embark on a journey of optimistic actions, Nooraini Binti Youp &ndash; a leader is changing lives with her strong mind-set and glorious personality. She has been successfully handling all hurdles, hardships, burdens to create a platform that is life\x02defining for her students. Her go-getter approach and passion to deliver high-impact resources have helped her shape a fairer world in the education fraternity. Let’s have a look at how her illustrious facade is conquering titles, winning hearts, and signifying reforms.</p>\r\n"
27,<blank>,2022-12-30 11:59:03,1,Kinsey Institute,uploads/images/Jessica.png.png,Jessica Lynn,United States,2,1,"<p>Jessica Lynn is a world-renowned transgender advocate, educator, and activist. Her experiences as a transgender woman and parent led her to dedicate her life to spreading awareness and acceptance for gender non-conforming communities around the world. Jessica is considered, internationally, one of the foremost transgender speakers due to her dynamic, refreshingly honest speaking style, unique sense of humour and signature ""ask-me-anything"" Q&A sessions. Over the last several years, Jessica has traveled over a million miles, visiting 28 different countries, presenting over a twelve hundred times, helping to educate the general public about the transgender community<br />\r\n&hellip;and she isn’t finished yet.</p>\r\n\r\n<p>Already a Stonewall School Role Model and a speaker to the medical community by request of the National Health Service, England, Jessica has been appointed to an advisory position on a project aimed towards improving health services for gender diverse youth and their families throughout the UK by both the University of Oxford and the National Institute for Health Research. She also continues serving as a Kinsey Institute Global Ambassador at Indiana University, and, after spending a great amount of time speaking in the UK (and for her love of pastry pies and fish & chips), Jessica has recently relocated to Birmingham from her birthplace of California.</p>\r\n\r\n<p>Over these past years, Jessica has had the privilege of helping to educate tens of thousands of people about the many identities throughout the gender spectrum. She has also been working with teachers, professors, nurses, doctors, business leaders, and many others to help further the understanding of gender non-conforming communities. Jessica has collaborated with her colleagues from the University of Oxford, Kinsey Institute, Michigan State University, plus many others, in order to develop training and educational programs for the business and medical communities. These training programs and courses are structured to educate and give a better understanding of the history of transgender communities; social and political impacts; challenging unconscious bias; working towards non-prejudicial and anti-discriminatory practices.</p>\r\n"
28,<blank>,2022-12-30 12:00:40,1,SexEd Associates,uploads/images/Marty.jpg.jpg,Marty Klein,United States,1,1,"<p>Dr. Marty Klein has been a Licensed Marriage & Family Therapist and Certified Sex Therapist in Palo Alto, California for 42 years&mdash;over 40,000 sessions with individuals and couples.\xa0<br />\r\n\xa0<br />\r\nMarty is the award-winning author of seven books on sexuality, including the ground-breaking Sexual Intelligence. Psychology Today simply says “To improve your sex life, buy this book.” His recent book on the conflict between male porn users and their female mates is called His Porn, Her Pain.</p>\r\n\r\n<p>Marty is an outspoken critic of many clinical and popular ideas about sexuality and emotional health. Wikipedia cites him as the foremost critic of the concept of sex addiction. Marty’s Sexual Intelligence blog and YouTube channel are frequently cited as sources of innovative thinking about sexuality, culture, politics, and the media. He recently gave two U.S. Congressional briefings on evidence-based sex education.</p>\r\n\r\n<p>Each year Marty trains thousands of physicians, psychologists, and policy-makers across North America, Europe, and Asia—some 40 countries to date. Audiences consistently describe his talks as thought-provoking, practical, and entertaining</p>\r\n"

