id,now,email,phone,name,country,message
1,2021-12-07 14:39:23,briannabelton.mkt@gmail.com,1201201200,Brianna,<blank>,"Hi,\r\n\r\nHope you are doing well & staying safe.\r\n\r\nAs I see you have a new launched website, not showing on top search engines like Google/Bing/Yahoo. If you are on page #1 you will get so many new customers every day. \r\nIf you want to avail this opportuni"
2,2021-12-17 14:59:29,gvvsraonaidu@gmail.com,355465578875,Subbu,Bahamas,hrte
3,2021-12-28 07:45:37,collins282@yahoo.com,203-877-1138,Beth Collins,Afghanistan,"I was looking at your website and noticed it appears the word ""Accomodation"" is spelled wrong.  I had similar problems on my site until someone mentioned it to me and I also now use software from SpellPerfect.com to keep my site error free."
4,2022-01-29 12:37:46,test@gmail.com,09966996876,test t,India,test
5,2022-01-29 12:38:33,test@gmail.com,09966996876,test t,India,test
6,2022-01-29 12:39:23,test@gmail.com,09966996876,test t,India,test
7,2022-01-29 12:40:38,test@gmail.com,09966996876,test t,India,test
8,2022-02-02 19:09:11,monaarch.mkt@gmail.com,1201201200,Monarch,<blank>,"Hi\r\n\r\nI am Monarch,\r\n\r\nWe are a Website Design & Development service provider offer services at modest rate. We have a dedicated team of 45 professional designers and developers with over 8 years of experience and we thrive on the idea that design makes a"
9,2022-02-18 19:48:26,eric.jones.z.mail@gmail.com,555-555-1212,Eric,<blank>,"Hey, my name’s Eric and for just a second, imagine this…\r\n\r\n- Someone does a search and winds up at genderstudycongress.com.\r\n\r\n- They hang out for a minute to check it out.  “I’m interested… but… maybe…”\r\n\r\n- And then they hit the back bu"
10,2022-02-20 10:08:00,eric.jones.z.mail@gmail.com,555-555-1212,Eric,<blank>,"Hi, Eric here with a quick thought about your website genderstudycongress.com...\r\n\r\nI’m on the internet a lot and I look at a lot of business websites.\r\n\r\nLike yours, many of them have great content. \r\n\r\nBut all too often, they come up short when it com"
11,2022-02-20 12:21:17,eric.jones.z.mail@gmail.com,555-555-1212,Eric,<blank>,"Cool website!\r\n\r\nMy name’s Eric, and I just found your site - genderstudycongress.com - while surfing the net. You showed up at the top of the search results, so I checked you out. Looks like what you’re doing is pretty cool.\r\n \r\nBut if you don’t mi"
12,2022-03-09 02:37:53,eric.jones.z.mail@gmail.com,555-555-1212,Eric,<blank>,"Hey there, I just found your site, quick question…\r\n\r\nMy name’s Eric, I found genderstudycongress.com after doing a quick search – you showed up near the top of the rankings, so whatever you’re doing for SEO, looks like it’s working well.\r\n\r\nSo "
13,2022-03-09 06:03:32,eric.jones.z.mail@gmail.com,555-555-1212,Eric,<blank>,"My name’s Eric and I just came across your website - genderstudycongress.com - in the search results.\r\n\r\nHere’s what that means to me…\r\n\r\nYour SEO’s working.\r\n\r\nYou’re getting eyeballs – mine at least.\r\n\r\nYour content’s pretty good, wouldn\xe2\x80"
14,2022-03-10 14:46:44,eric.jones.z.mail@gmail.com,555-555-1212,Eric,<blank>,"Cool website!\r\n\r\nMy name’s Eric, and I just found your site - genderstudycongress.com - while surfing the net. You showed up at the top of the search results, so I checked you out. Looks like what you’re doing is pretty cool.\r\n \r\nBut if you don’t mi"
15,2022-03-18 00:32:19,eric.jones.z.mail@gmail.com,555-555-1212,Eric,<blank>,"Cool website!\r\n\r\nMy name’s Eric, and I just found your site - genderstudycongress.com - while surfing the net. You showed up at the top of the search results, so I checked you out. Looks like what you’re doing is pretty cool.\r\n \r\nBut if you don’t mi"
16,2022-03-23 11:49:48,eric.jones.z.mail@gmail.com,555-555-1212,Eric,<blank>,"Hey, my name’s Eric and for just a second, imagine this…\r\n\r\n- Someone does a search and winds up at genderstudycongress.com.\r\n\r\n- They hang out for a minute to check it out.  “I’m interested… but… maybe…”\r\n\r\n- And then they hit the back bu"
17,2022-03-25 00:23:59,eric.jones.z.mail@gmail.com,555-555-1212,Eric,<blank>,"Hey there, I just found your site, quick question…\r\n\r\nMy name’s Eric, I found genderstudycongress.com after doing a quick search – you showed up near the top of the rankings, so whatever you’re doing for SEO, looks like it’s working well.\r\n\r\nSo "
18,2022-04-09 02:09:33,BRogers12@gmail.com,787-289-2380,Brenda Reynolds,Afghanistan,"Hi There,\r\n\r\nJust a heads-up that I believe this link is broken on your website: https://www.genderstudycongress.com/uploads/images/sample abstract template.doc.doc  \r\n\r\nI had a couple of them on my own site before I started using a service to monitor"
19,2022-04-14 15:41:09,eric.jones.z.mail@gmail.com,555-555-1212,Eric,<blank>,"My name’s Eric and I just came across your website - genderstudycongress.com - in the search results.\r\n\r\nHere’s what that means to me…\r\n\r\nYour SEO’s working.\r\n\r\nYou’re getting eyeballs – mine at least.\r\n\r\nYour content’s pretty good, wouldn\xe2\x80"
20,2022-04-15 21:29:57,eric.jones.z.mail@gmail.com,555-555-1212,Eric,<blank>,"Hello, my name’s Eric and I just ran across your website at genderstudycongress.com...\r\n\r\nI found it after a quick search, so your SEO’s working out…\r\n\r\nContent looks pretty good…\r\n\r\nOne thing’s missing though…\r\n\r\nA QUICK, EASY way to connect "
21,2022-04-17 01:32:40,eric.jones.z.mail@gmail.com,555-555-1212,Eric,<blank>,"My name’s Eric and I just came across your website - genderstudycongress.com - in the search results.\r\n\r\nHere’s what that means to me…\r\n\r\nYour SEO’s working.\r\n\r\nYou’re getting eyeballs – mine at least.\r\n\r\nYour content’s pretty good, wouldn\xe2\x80"
22,2022-04-19 12:16:25,eric.jones.z.mail@gmail.com,555-555-1212,Eric,<blank>,"Hi, my name is Eric and I’m betting you’d like your website genderstudycongress.com to generate more leads.\r\n\r\nHere’s how:\r\nTalk With Web Visitor is a software widget that’s works on your site, ready to capture any visitor’s Name, Email address "
23,2022-04-20 00:23:10,eric.jones.z.mail@gmail.com,555-555-1212,Eric,<blank>,"My name’s Eric and I just found your site genderstudycongress.com.\r\n\r\nIt’s got a lot going for it, but here’s an idea to make it even MORE effective.\r\n\r\nTalk With Web Visitor – CLICK HERE https://jumboleadmagnet.com for a live demo now.\r\n\r\nTalk Wi"
24,2022-04-22 14:49:19,eric.jones.z.mail@gmail.com,555-555-1212,Eric,<blank>,"Good day, \r\n\r\nMy name is Eric and unlike a lot of emails you might get, I wanted to instead provide you with a word of encouragement – Congratulations\r\n\r\nWhat for?  \r\n\r\nPart of my job is to check out websites and the work you’ve done with genderstudyc"
25,2022-05-01 05:10:21,eric.jones.z.mail@gmail.com,555-555-1212,Eric,<blank>,"My name’s Eric and I just found your site genderstudycongress.com.\r\n\r\nIt’s got a lot going for it, but here’s an idea to make it even MORE effective.\r\n\r\nTalk With Web Visitor – CLICK HERE http://talkwithwebtraffic.com for a live demo now.\r\n\r\nTalk "
26,2022-05-01 19:59:48,eric.jones.z.mail@gmail.com,555-555-1212,Eric,<blank>,"Hey there, I just found your site, quick question…\r\n\r\nMy name’s Eric, I found genderstudycongress.com after doing a quick search – you showed up near the top of the rankings, so whatever you’re doing for SEO, looks like it’s working well.\r\n\r\nSo "
27,2022-05-17 04:11:41,eric.jones.z.mail@gmail.com,555-555-1212,Eric,<blank>,"Hello, my name’s Eric and I just ran across your website at genderstudycongress.com...\r\n\r\nI found it after a quick search, so your SEO’s working out…\r\n\r\nContent looks pretty good…\r\n\r\nOne thing’s missing though…\r\n\r\nA QUICK, EASY way to connect "
28,2022-05-17 04:22:57,eric.jones.z.mail@gmail.com,555-555-1212,Eric,<blank>,"Cool website!\r\n\r\nMy name’s Eric, and I just found your site - genderstudycongress.com - while surfing the net. You showed up at the top of the search results, so I checked you out. Looks like what you’re doing is pretty cool.\r\n \r\nBut if you don’t mi"
29,2022-05-23 20:20:06,eric.jones.z.mail@gmail.com,555-555-1212,Eric,<blank>,"My name’s Eric and I just found your site genderstudycongress.com.\r\n\r\nIt’s got a lot going for it, but here’s an idea to make it even MORE effective.\r\n\r\nTalk With Web Visitor – CLICK HERE http://jumboleadmagnet.com for a live demo now.\r\n\r\nTalk Wit"
30,2022-05-27 02:54:59,eric.jones.z.mail@gmail.com,555-555-1212,Eric,<blank>,"Hey there, I just found your site, quick question…\r\n\r\nMy name’s Eric, I found genderstudycongress.com after doing a quick search – you showed up near the top of the rankings, so whatever you’re doing for SEO, looks like it’s working well.\r\n\r\nSo "
31,2022-05-27 07:05:35,eric.jones.z.mail@gmail.com,555-555-1212,Eric,<blank>,"Hi, Eric here with a quick thought about your website genderstudycongress.com...\r\n\r\nI’m on the internet a lot and I look at a lot of business websites.\r\n\r\nLike yours, many of them have great content. \r\n\r\nBut all too often, they come up short when it com"
32,2022-05-31 20:29:11,eric.jones.z.mail@gmail.com,555-555-1212,Eric,<blank>,"Hi, my name is Eric and I’m betting you’d like your website genderstudycongress.com to generate more leads.\r\n\r\nHere’s how:\r\nTalk With Web Visitor is a software widget that’s works on your site, ready to capture any visitor’s Name, Email address "
33,2022-07-10 17:04:27,info@reallygreatdigital.marketing,555 555 1212,Steve,<blank>,I was browsing your site at genderstudycongress.com and really liked it!\r\nI'm a leading Google ranking and lead generation expert\r\nwith over 20 years experience and I wondered if you'd like\r\na free ranking review to go over some ways you could improve\r\nyo
34,2022-07-12 14:56:39,stacey.swanson@gigomail.info,3128780396,Joseph C.,United States,"Do you need help with graphic design - brochures, banners, flyers, advertisements, social media posts, logos etc? \r\n\r\nWe charge a low fixed monthly fee. Let me know if you're interested and would like to see our portfolio."
35,2022-07-12 15:00:40,stacey.swanson@gigomail.info,3128780396,Joseph C.,United States,"Do you need help with graphic design - brochures, banners, flyers, advertisements, social media posts, logos etc? \r\n\r\nWe charge a low fixed monthly fee. Let me know if you're interested and would like to see our portfolio."
36,2022-07-17 19:12:57,ericjonesmyemail@gmail.com,555-555-1212,Eric,<blank>,"My name’s Eric and I just came across your website - genderstudycongress.com - in the search results.\r\n\r\nHere’s what that means to me…\r\n\r\nYour SEO’s working.\r\n\r\nYou’re getting eyeballs – mine at least.\r\n\r\nYour content’s pretty good, wouldn\xe2\x80"
37,2022-07-19 12:27:51,ericjonesmyemail@gmail.com,555-555-1212,Eric,<blank>,"Hello, my name’s Eric and I just ran across your website at genderstudycongress.com...\r\n\r\nI found it after a quick search, so your SEO’s working out…\r\n\r\nContent looks pretty good…\r\n\r\nOne thing’s missing though…\r\n\r\nA QUICK, EASY way to connect "
38,2022-07-20 07:08:41,ericjonesmyemail@gmail.com,555-555-1212,Eric,<blank>,"Hello, my name’s Eric and I just ran across your website at genderstudycongress.com...\r\n\r\nI found it after a quick search, so your SEO’s working out…\r\n\r\nContent looks pretty good…\r\n\r\nOne thing’s missing though…\r\n\r\nA QUICK, EASY way to connect "
39,2022-07-27 05:39:54,ericjonesmyemail@gmail.com,555-555-1212,Eric,<blank>,"Hi, my name is Eric and I’m betting you’d like your website genderstudycongress.com to generate more leads.\r\n\r\nHere’s how:\r\nTalk With Web Visitor is a software widget that’s works on your site, ready to capture any visitor’s Name, Email address "
40,2022-08-06 22:05:11,bellaroy34@gmail.com,070 6957 9374,Bella,<blank>,"Hi,\r\n\r\nI hope you are doing well. Would you be interested in a guest post offer that will help you boost your website traffic? I’ve got one for you!\r\n\r\nI’ll provide you with a unique, SEO optimized, keywords oriented, quality content that will interes"
41,2022-08-26 17:35:01,ericjonesmyemail@gmail.com,555-555-1212,Eric,<blank>,"Good day, \r\n\r\nMy name is Eric and unlike a lot of emails you might get, I wanted to instead provide you with a word of encouragement – Congratulations\r\n\r\nWhat for?  \r\n\r\nPart of my job is to check out websites and the work you’ve done with genderstudyc"
42,2022-08-29 21:24:44,nancywebdeveloper22@gmail.com,1201201200,Nancy,<blank>,"Hi,\r\n\r\nhttp://genderstudycongress.com/contact.php\r\n\r\nOur Company provides you a wide range of Website Design Development Mobile App and Digital Marketing listed below: \r\n\r\nPlease take a look at our services:\r\n\r\n·       Website design & Development\r\n·   "
43,2022-09-01 09:15:59,katytrilly9@gmail.com,440-989-9225,Kate,<blank>,"Hi,\r\n\r\nWe'd like to introduce to you our explainer video service, which we feel can benefit your site \r\ngenderstudycongress.com.\r\n\r\nCheck out some of our existing videos here:\r\nhttps://www.youtube.com/watch?v=ivTmAwuli14 \r\nhttps://www.youtube.com/watch?v="
44,2022-09-08 00:33:25,ericjonesmyemail@gmail.com,555-555-1212,Eric,<blank>,"Hey there, I just found your site, quick question…\r\n\r\nMy name’s Eric, I found genderstudycongress.com after doing a quick search – you showed up near the top of the rankings, so whatever you’re doing for SEO, looks like it’s working well.\r\n\r\nSo "
45,2022-09-25 00:33:54,jacob@seolabpros.com,(714) 500-7363,Jacob,<blank>,"Hi, \r\nAre you still in business? \r\nI found a few errors on your site.\r\nWould you like me to send over a screenshot of those errors?\r\n\r\nRegards\r\nJacob\r\n(714) 500-7363"
46,2022-09-28 15:08:21,sayantan@thelifeofscience.com,+917386302864,Sayantan Datta,India,"Dear organisers,\r\n\r\nTrust you are doing well. I am Sayantan Datta (they/them), an India-based science journalist who writes at the intersection of science, health, gender, sexuality and caste. I am interested to know if there is a press kit available for "
47,2022-10-12 08:03:28,ericjonesmyemail@gmail.com,555-555-1212,Eric,<blank>,"Hey, this is Eric and I ran across genderstudycongress.com a few minutes ago.\r\n\r\nLooks great… but now what?\r\n\r\nBy that I mean, when someone like me finds your website – either through Search or just bouncing around – what happens next?  Do you get a"
48,2022-10-13 08:47:26,mariana@webtechxpress.com,1201201200,Mariana,<blank>,"Hello,\r\n\r\nI am Sophia, would love to assist you in brand building & marketing to improve traffic & conversions so let us know if you would like to go with any of these services. And please share the store URL. \r\n\r\n1. Facebook & Instagram sales channels in"
49,2022-10-13 12:29:52,ericjonesmyemail@gmail.com,555-555-1212,Eric,<blank>,"My name’s Eric and I just came across your website - genderstudycongress.com - in the search results.\r\n\r\nHere’s what that means to me…\r\n\r\nYour SEO’s working.\r\n\r\nYou’re getting eyeballs – mine at least.\r\n\r\nYour content’s pretty good, wouldn\xe2\x80"
50,2022-10-24 07:51:40,ophiliaabianji@ymail.com,675469084,Ophilia Abianji,Cameroon,"Dear Coordinator, I am Dr Ophilia Abianji- Menang, from the University of Maroua. I am specialized in gender issues and would like to be a part of the Sciinov group. I am looking forward to join you. \r\nBest regards\r\n"
51,2022-10-27 17:51:47,ericjonesmyemail@gmail.com,555-555-1212,Eric,<blank>,"Hey, this is Eric and I ran across genderstudycongress.com a few minutes ago.\r\n\r\nLooks great… but now what?\r\n\r\nBy that I mean, when someone like me finds your website – either through Search or just bouncing around – what happens next?  Do you get a"
52,2022-11-04 01:54:35,ericjonesmyemail@gmail.com,555-555-1212,Eric,<blank>,"Good day, \r\n\r\nMy name is Eric and unlike a lot of emails you might get, I wanted to instead provide you with a word of encouragement – Congratulations\r\n\r\nWhat for?  \r\n\r\nPart of my job is to check out websites and the work you’ve done with genderstudyc"
53,2022-11-05 12:41:05,ericjonesmyemail@gmail.com,555-555-1212,Eric,<blank>,"Hey, my name’s Eric and for just a second, imagine this…\r\n\r\n- Someone does a search and winds up at genderstudycongress.com.\r\n\r\n- They hang out for a minute to check it out.  “I’m interested… but… maybe…”\r\n\r\n- And then they hit the back bu"
54,2022-11-07 21:07:23,katytrilly9@gmail.com,Lvzhtunzjtfjl,Katy,<blank>,"Hi,\r\n\r\nWe'd like to introduce to you our explainer video service, which we feel can benefit your site genderstudycongress.com.\r\n\r\nCheck out some of our existing videos here:\r\nhttps://www.youtube.com/watch?v=zvGF7uRfH04\r\nhttps://www.youtube.com/watch?v=cZP"
55,2022-11-19 15:52:46,ericjonesmyemail@gmail.com,555-555-1212,Eric,<blank>,"Hi, my name is Eric and I’m betting you’d like your website genderstudycongress.com to generate more leads.\r\n\r\nHere’s how:\r\nTalk With Web Visitor is a software widget that’s works on your site, ready to capture any visitor’s Name, Email address "
56,2022-11-23 03:43:24,hudson.drury@googlemail.com,031 919 56 31,Hudson,<blank>,Hi!
57,2022-11-23 18:21:37,ericjonesmyemail@gmail.com,555-555-1212,Eric,<blank>,"Cool website!\r\n\r\nMy name’s Eric, and I just found your site - genderstudycongress.com - while surfing the net. You showed up at the top of the search results, so I checked you out. Looks like what you’re doing is pretty cool.\r\n \r\nBut if you don’t mi"
58,2022-12-01 02:48:24,ericjonesmyemail@gmail.com,555-555-1212,Eric,<blank>,"Good day, \r\n\r\nMy name is Eric and unlike a lot of emails you might get, I wanted to instead provide you with a word of encouragement – Congratulations\r\n\r\nWhat for?  \r\n\r\nPart of my job is to check out websites and the work you’ve done with genderstudyc"
59,2022-12-04 09:57:52,ericjonesmyemail@gmail.com,555-555-1212,Eric,<blank>,"Good day, \r\n\r\nMy name is Eric and unlike a lot of emails you might get, I wanted to instead provide you with a word of encouragement – Congratulations\r\n\r\nWhat for?  \r\n\r\nPart of my job is to check out websites and the work you’ve done with genderstudyc"
60,2022-12-06 16:20:35,ericjonesmyemail@gmail.com,555-555-1212,Eric,<blank>,"Hey there, I just found your site, quick question…\r\n\r\nMy name’s Eric, I found genderstudycongress.com after doing a quick search – you showed up near the top of the rankings, so whatever you’re doing for SEO, looks like it’s working well.\r\n\r\nSo "
61,2022-12-10 23:55:12,ericjonesmyemail@gmail.com,555-555-1212,Eric,<blank>,"Hey, my name’s Eric and for just a second, imagine this…\r\n\r\n- Someone does a search and winds up at genderstudycongress.com.\r\n\r\n- They hang out for a minute to check it out.  “I’m interested… but… maybe…”\r\n\r\n- And then they hit the back bu"
62,2022-12-12 19:58:05,ericjonesmyemail@gmail.com,555-555-1212,Eric,<blank>,"Hi, my name is Eric and I’m betting you’d like your website genderstudycongress.com to generate more leads.\r\n\r\nHere’s how:\r\nTalk With Web Visitor is a software widget that’s works on your site, ready to capture any visitor’s Name, Email address "
63,2022-12-16 21:41:47,winstonr223.777@gmail.com,319-382-0597,Winston,<blank>,"Winston here from Iowa.  I just wanted to see if you need an extra hand in the way of site upkeep/tweaking, adding emails to your newsletters from my targeted database (I have millions of them that you can use).  We could even setup email campaigns for le"
64,2022-12-24 21:48:43,ericjonesmyemail@gmail.com,555-555-1212,Eric,<blank>,"Hello, my name’s Eric and I just ran across your website at genderstudycongress.com...\r\n\r\nI found it after a quick search, so your SEO’s working out…\r\n\r\nContent looks pretty good…\r\n\r\nOne thing’s missing though…\r\n\r\nA QUICK, EASY way to connect "
65,2022-12-27 11:23:45,ericjonesmyemail@gmail.com,555-555-1212,Eric,<blank>,"My name’s Eric and I just came across your website - genderstudycongress.com - in the search results.\r\n\r\nHere’s what that means to me…\r\n\r\nYour SEO’s working.\r\n\r\nYou’re getting eyeballs – mine at least.\r\n\r\nYour content’s pretty good, wouldn\xe2\x80"
66,2022-12-27 12:35:16,ericjonesmyemail@gmail.com,555-555-1212,Eric,<blank>,"Hi, my name is Eric and I’m betting you’d like your website genderstudycongress.com to generate more leads.\r\n\r\nHere’s how:\r\nTalk With Web Visitor is a software widget that’s works on your site, ready to capture any visitor’s Name, Email address "
67,2022-12-28 00:47:56,eric.jones.z.mail@gmail.com,555-555-1212,Eric,<blank>,"My name’s Eric and I just found your site genderstudycongress.com.\r\n\r\nIt’s got a lot going for it, but here’s an idea to make it even MORE effective.\r\n\r\nTalk With Web Visitor – CLICK HERE http://boostleadgeneration.com for a live demo now.\r\n\r\nTalk"
68,2022-12-30 22:52:44,ericjonesmyemail@gmail.com,555-555-1212,Eric,<blank>,"Cool website!\r\n\r\nMy name’s Eric, and I just found your site - genderstudycongress.com - while surfing the net. You showed up at the top of the search results, so I checked you out. Looks like what you’re doing is pretty cool.\r\n \r\nBut if you don’t mi"
69,2022-12-31 02:25:58,ericjonesmyemail@gmail.com,555-555-1212,Eric,<blank>,"Good day, \r\n\r\nMy name is Eric and unlike a lot of emails you might get, I wanted to instead provide you with a word of encouragement – Congratulations\r\n\r\nWhat for?  \r\n\r\nPart of my job is to check out websites and the work you’ve done with genderstudyc"
70,2023-01-03 09:51:17,ericjonesmyemail@gmail.com,555-555-1212,Eric,<blank>,"My name’s Eric and I just came across your website - genderstudycongress.com - in the search results.\r\n\r\nHere’s what that means to me…\r\n\r\nYour SEO’s working.\r\n\r\nYou’re getting eyeballs – mine at least.\r\n\r\nYour content’s pretty good, wouldn\xe2\x80"
71,2023-01-08 00:59:32,ericjonesmyemail@gmail.com,555-555-1212,Eric,<blank>,"Hey, this is Eric and I ran across genderstudycongress.com a few minutes ago.\r\n\r\nLooks great… but now what?\r\n\r\nBy that I mean, when someone like me finds your website – either through Search or just bouncing around – what happens next?  Do you get a"
72,2023-01-08 01:04:51,ericjonesmyemail@gmail.com,555-555-1212,Eric,<blank>,"Hey, this is Eric and I ran across genderstudycongress.com a few minutes ago.\r\n\r\nLooks great… but now what?\r\n\r\nBy that I mean, when someone like me finds your website – either through Search or just bouncing around – what happens next?  Do you get a"
73,2023-01-08 12:40:44,ericjonesmyemail@gmail.com,555-555-1212,Eric,<blank>,"Hey there, I just found your site, quick question…\r\n\r\nMy name’s Eric, I found genderstudycongress.com after doing a quick search – you showed up near the top of the rankings, so whatever you’re doing for SEO, looks like it’s working well.\r\n\r\nSo "
74,2023-01-09 01:42:16,ericjonesmyemail@gmail.com,555-555-1212,Eric,<blank>,"Hi, my name is Eric and I’m betting you’d like your website genderstudycongress.com to generate more leads.\r\n\r\nHere’s how:\r\nTalk With Web Visitor is a software widget that’s works on your site, ready to capture any visitor’s Name, Email address "
75,2023-01-16 13:21:40,justin@mailerking.xyz,53 380 50 67,Justin,<blank>,"Hello,\r\n\r\nWondering if you accept link inserts on existing posts on genderstudycongress.com?\r\n\r\nHow much would you charge for this?\r\n\r\nAlso, do you have any other sites for link inserts?\r\n\r\nJustin\r\n\r\nIf you'd like to unsubscribe click the following link.\r"
76,2023-01-18 14:18:07,seosubmitter@mail.com,03.61.89.80.71,Doretha,<blank>,You need help to Grow In Google Search and Drive More Traffic and Get More Customers\r\n\r\nWe Offer Quality SEO Services You Can Trust\r\n\r\nWe even offer Free Trial just to prove to you that our services work with Risk-Free.\r\n\r\n=>>  https://zeep.ly/seo2023\r\n \r
77,2023-01-19 01:20:07,kathleencherrington@gmail.com,6477671180,Kathleen Cherrington,Canada,I would like to register but can only pay with a VISA card and not PayPal. How can I do this?
78,2023-01-22 09:18:37,ericjonesmyemail@gmail.com,555-555-1212,Eric,<blank>,"Hi, Eric here with a quick thought about your website genderstudycongress.com...\r\n\r\nI’m on the internet a lot and I look at a lot of business websites.\r\n\r\nLike yours, many of them have great content. \r\n\r\nBut all too often, they come up short when it com"
79,2023-01-23 19:08:58,VBelfiglio12@yahoo.com,817-368-6849,Valentine Belfiglio,United States,"I do not use PayPal as they erroneously charged me with a fraudulent bill, and would not rescind it. Please offer me an alternative, such as American Express."
80,2023-02-12 12:24:49,ericjonesmyemail@gmail.com,555-555-1212,Eric,<blank>,"Cool website!\r\n\r\nMy name’s Eric, and I just found your site - genderstudycongress.com - while surfing the net. You showed up at the top of the search results, so I checked you out. Looks like what you’re doing is pretty cool.\r\n \r\nBut if you don’t mi"
81,2023-02-13 19:12:55,drjmvickers@gmail.com,613-235-8473,drjmvickers,Canada,Regret that your conference overlaps with the International Political Science Association's Biannual Congress in Buenos Aires.\r\n\r\nWill there be Zoom sessions?
82,2023-02-17 18:51:03,ericjonesmyemail@gmail.com,555-555-1212,Eric,<blank>,"Hi genderstudycongress.com Webmaster. my name is Eric and I’m betting you’d like your website genderstudycongress.com to generate more leads.\r\n\r\nHere’s how:\r\nWeb Visitors Into Leads is a software widget that’s works on your site, ready to capture "
83,2023-02-24 17:46:16,varshadeveloper@outlook.com,1201201200,Varsha,<blank>,"Hello,\r\n\r\nWe are interested to increase traffic to your website, please get back to us in order to discuss the possibility in further detail.\r\n\r\nWarm wishes"
84,2023-02-25 12:38:03,ericjonesmyemail@gmail.com,555-555-1212,Eric,<blank>,"To the genderstudycongress.com Webmaster. Eric here with a quick thought about your website genderstudycongress.com...\r\n\r\nI’m on the internet a lot and I look at a lot of business websites.\r\n\r\nLike yours, many of them have great content. \r\n\r\nBut all too"
85,2023-02-25 18:24:01,prackin@english.upenn.edu,12154831656,PHYLLIS RACKIN,United States,I didn't realize when I submitted my abstract that I would have to pay a fee to be included.  I will have to withdraw.
86,2023-03-03 08:14:35,lara.jamila@msn.com,0921 50 97 46,Jamila,<blank>,Are you currently working with Wordpress/Woocommerce or simply do you plan to take advantage of it later ? We're able to provide around 3500 premium plugins plus themes to install for free : https://puky.site/Fy
87,2023-03-05 05:08:21,ericjonesmyemail@gmail.com,555-555-1212,Eric,<blank>,"Hello genderstudycongress.com Webmaster! \r\n\r\nMy name is Eric and unlike a lot of emails you might get, I wanted to instead provide you with a word of encouragement – Congratulations\r\n\r\nWhat for?  \r\n\r\nPart of my job is to check out websites and the work "
88,2023-03-06 05:57:16,ericjonesmyemail@gmail.com,555-555-1212,Eric,<blank>,"Dear genderstudycongress.com Administrator. I just found your site, quick question…\r\n\r\nMy name’s Eric, I found genderstudycongress.com after doing a quick search – you showed up near the top of the rankings, so whatever you’re doing for SEO, looks"
89,2023-03-22 17:53:14,Ida.Jones@Morgan.edu,20274828432,Ida Jones,United States,I am attempting to register using a credit card and cannot find the active button to move toward payment. Please advise
90,2023-04-08 21:55:25,eric.jones.z.mail@gmail.com,555-555-1212,Eric,<blank>,"Dear genderstudycongress.com Webmaster.\r\n\r\nMy name’s Eric and I just found your site genderstudycongress.com.\r\n\r\nIt’s got a lot going for it, but here’s an idea to make it even MORE effective.\r\n\r\nWeb Visitors Into Leads – CLICK HERE http://advance"
91,2023-04-08 22:16:46,ericjonesmyemail@gmail.com,555-555-1212,Eric,<blank>,Hello genderstudycongress.com Webmaster.\r\n\r\nMy name’s Eric and I just came across your website - genderstudycongress.com - in the search results.\r\n\r\nHere’s what that means to me…\r\n\r\nYour SEO’s working.\r\n\r\nYou’re getting eyeballs – mine at leas
92,2023-05-12 15:02:02,joe@ecomvisibility.com,(714) 908-9255,Joe,<blank>,"Hi, \r\nAre you still in business? \r\nI found a few errors on your site.\r\nWould you like me to send over a screenshot of those errors?\r\n\r\nRegards\r\nJoe\r\n(714) 908-9255"
93,2023-05-17 15:19:22,joe@ecomvisibility.com,(714) 908-9255,Joe,<blank>,"Hi, \r\nAre you still in business? \r\nI found a few errors on your site.\r\nWould you like me to send over a screenshot of those errors?\r\n\r\nRegards\r\nJoe\r\n(714) 908-9255"
94,2023-06-08 21:14:01,cherles@uga.edu,706-207-9730,Cecilia Herles,United States,"I'm presenting online on day 2, but I haven't received any further information. \r\nHow do I login to the conference?\r\nHow do I present online? Please share this information to me as soon as possible.\r\nThanks!"
95,2023-06-11 07:51:59,ericjonesmyemail@gmail.com,555-555-1212,Eric,<blank>,"Hello genderstudycongress.com Administrator. this is Eric and I ran across genderstudycongress.com a few minutes ago.\r\n\r\nLooks great… but now what?\r\n\r\nBy that I mean, when someone like me finds your website – either through Search or just bouncing aro"
96,2023-06-12 22:54:08,mirela.david@usask.cas,3067174888,Mirela David ,Canada,I am scheduled to present online at 6.10 pm on the second day of the conference but I am yet to receive a link to where I am supposed to go online  to make the presentation or my login credentials. The previous email stated that I was supposed to receive 
97,2023-06-13 11:48:36,joe@ecomvisibility.com,(714) 908-9255,Joe,<blank>,"Hi, \r\nAre you still in business? \r\nI found a few errors on your site.\r\nWould you like me to send over a screenshot of those errors?\r\n\r\nRegards\r\nJoe\r\n(714) 908-9255"
98,2023-06-13 14:28:53,ericjonesmyemail@gmail.com,555-555-1212,Eric,<blank>,"Dear genderstudycongress.com Admin! my name’s Eric and I just ran across your website at genderstudycongress.com...\r\n\r\nI found it after a quick search, so your SEO’s working out…\r\n\r\nContent looks pretty good…\r\n\r\nOne thing’s missing though…\r\n\r\n"
99,2023-06-18 22:19:49,joe@ecomvisibility.com,(714) 908-9255,Joe,<blank>,"Hi, \r\nAre you still in business? \r\nI found a few errors on your site.\r\nWould you like me to send over a screenshot of those errors?\r\n\r\nRegards\r\nJoe\r\n(714) 908-9255"
100,2023-06-19 07:58:13,paul@generatereviewsfast.com,202-410-9218,Paul,<blank>,"Hi,\r\n\r\nI see that you're not using GMB chat on your Google business profile.\r\n\r\nGMB chat allows you to engage your potential customers in real-time.\r\n\r\nWould you like me to send you a quick explainer video?\r\n\r\nRegards\r\nPaul\r\n202-410-9218"
101,2023-07-01 10:27:58,rchristo10@gmail.com,82-10-7777-2763,ROBERT HAMILTON,"Korea, Republic of","Dear Representatives,\r\n\r\nI'm contacting you to request that you remove my presentation from any public platforms. I did not sign off on either recording or public distribution of my contents.\r\n\r\nPlease take this down immediately and do not post my present"
102,2023-07-03 04:18:27,ericjonesmyemail@gmail.com,555-555-1212,Eric,<blank>,"To the genderstudycongress.com Admin! my name is Eric and I’m betting you’d like your website genderstudycongress.com to generate more leads.\r\n\r\nHere’s how:\r\nWeb Visitors Into Leads is a software widget that’s works on your site, ready to capture "
103,2023-07-04 05:21:14,ericjonesmyemail@gmail.com,555-555-1212,Eric,<blank>,"Dear genderstudycongress.com Owner! Eric here with a quick thought about your website genderstudycongress.com...\r\n\r\nI’m on the internet a lot and I look at a lot of business websites.\r\n\r\nLike yours, many of them have great content. \r\n\r\nBut all too often"
104,2023-07-04 16:07:59,ericjonesmyemail@gmail.com,555-555-1212,Eric,<blank>,"Dear genderstudycongress.com Webmaster! my name’s Eric and I just ran across your website at genderstudycongress.com...\r\n\r\nI found it after a quick search, so your SEO’s working out…\r\n\r\nContent looks pretty good…\r\n\r\nOne thing’s missing though…"
105,2023-07-10 15:45:43,ericjonesmyemail@gmail.com,555-555-1212,Eric,<blank>,"Dear genderstudycongress.com Administrator! \r\n\r\nMy name is Eric and unlike a lot of emails you might get, I wanted to instead provide you with a word of encouragement – Congratulations\r\n\r\nWhat for?  \r\n\r\nPart of my job is to check out websites and the wo"
106,2023-07-27 14:52:40,ericjonesmyemail@gmail.com,555-555-1212,Eric,<blank>,"Hello genderstudycongress.com Owner!\r\n\r\nCool website!\r\n\r\nMy name’s Eric, and I just found your site - genderstudycongress.com - while surfing the net. You showed up at the top of the search results, so I checked you out. Looks like what you’re doing i"
107,2023-07-29 13:45:20,joe@seo-indepth.com,(669) 206-0526,Joe,<blank>,"Hi there\r\n\r\nI’ve been through your website, and if you’re wondering why more of your visitors aren’t turning into sales, I have the answer for you.\r\n\r\nWould you like a free report on this?\r\n\r\nRegards\r\nJoe\r\n(669) 206-0526"
108,2023-07-31 14:13:30,joe@generatereviewsfast.com,(714) 617-7866,Joe,<blank>,"Hi,\r\nWe will help you to Outperform your competition with generation of Positive Online Reviews on auto pilot.\r\nGive us just 15 minutes of your time to showcase our solution and it will be the best thing you have done for your business!\r\nSchedule a call ["
109,2023-08-05 22:56:54,help@easywealthsystems.com,905-472-8634,Ambrose,<blank>,"Hey There!\r\n\r\nThis is a game changer. \r\n\r\nLet me introduce an AI tool that revolutionizes video creation and editing. It easily turns long content into short, sharable videos, transforms scripts into high-conversion videos, and converts blog posts into en"
110,2023-08-13 08:07:06,outsourcesmo@gmail.com,7012871346,Abi,<blank>,"Hello, I'm Abi, a Content Writer. I recently came across your website genderstudycongress.com, and I wanted to reach out to you to offer my services. \r\n\r\nFrom suggesting blog/article topics and relevant keywords to writing content for your website, I can "
111,2023-08-13 14:12:43,joe@seo-indepth.com,(669) 206-0526,Joe,<blank>,"Hi there\r\n\r\nI’ve been through your website, and if you’re wondering why more of your visitors aren’t turning into sales, I have the answer for you.\r\n\r\nWould you like a free report on this?\r\n\r\nRegards\r\nJoe\r\n(669) 206-0526"
112,2023-08-24 11:57:30,monaarch.mkt@gmail.com,1201201200,Monarch,<blank>,"Hi genderstudycongress.com,\r\n \r\nI came across your Website, when searching on Google and noticed that you do not show in the organic listings. www.genderstudycongress.com|I found your details on Google.com and I have looked at your website and realized yo"
113,2023-09-25 19:33:11,cgfsllc2@outlook.com,646-783-2515,Greg,<blank>,"Hello there, \r\n\r\nGreg here in the Wyoming. I am looking for some businesses to help gain a boost with some extra funds, no matter where you're located here in the states.  I have been doing this for years helping all kinds of businesses for unsecured fund"
114,2023-10-03 00:17:01,chemicalfree@outlook.com,(07) 3041 3318,Gabriele,<blank>,"I made this short video for you - https://cutt.ly/8wxeUk57.  It's a short one, and I know you will want to take advantage of what I have for you.  This will make this summer and fall a healthier and happier one!\r\n\r\n\r\nLight & Love,\r\n\r\n\r\n\r\nTim James\r\n\r\nChem"
115,2023-10-05 00:13:25,nishant.developer22@gmail.com,1234567890,Nishant,<blank>,"Hi genderstudycongress.com,\r\n\r\nI am Nishant, Do you want to build/redesign your online business website?\r\n\r\nWe offer comprehensive solutions at a reasonable price.\r\n\r\nWeb design and development (E-Commerce Website, Magneto, Word Press, CI, Laravel, Core P"
116,2023-10-06 08:00:26,kulumeedith16@gmail.com,+256782833163,Kulume Edith Ruth,Uganda,I would like to know if I am eligible to attend this conference and what I need to qualify. 
117,2023-10-20 14:46:21,maricruzriveraphd@gmail.com,7874108486,Maricruz Rivera-Clemente,United States,I has been invited to participate as speaker. 
118,2023-11-11 00:30:49,robertjohnson122023@outlook.com,8778200382,Robert,<blank>,"Hello,\r\n\r\nI'm Rob, a skilled E-Commerce Content Writer and Blog Writer. I specialize in crafting SEO-friendly product descriptions, product reviews, service descriptions, website copy, keyword research, topic research, and content uploads for websites. \r\n"
119,2023-11-18 06:22:12,joe@seo-indepth.com,Y K j,Joe,<blank>,"Hi, \r\nAre you still in business? \r\nI found a few errors on your site.\r\nWould you like me to send over a screenshot of those errors?\r\n\r\nRegards\r\nJoe\r\n(714) 908-9255"
120,2023-12-12 10:28:23,lucyjohnson.web@gmail.com,1234567890,Lucy,<blank>,"Hi,\r\n\r\nI was just browsing your website and I came up with a great plan to re-develop your website using the latest technology to generate additional revenue and beat your opponents. (genderstudycongress.com)\r\n\r\nI'm an excellent web developer capable of a"
121,2023-12-16 21:29:24,ericjonesmyemail@gmail.com,555-555-1212,Eric,<blank>,"Hello genderstudycongress.com Owner.\r\n\r\nCool website!\r\n\r\nMy name’s Eric, and I just found your site - genderstudycongress.com - while surfing the net. You showed up at the top of the search results, so I checked you out. Looks like what you’re doing i"
122,2023-12-19 09:35:02,ericjonesmyemail@gmail.com,555-555-1212,Eric,<blank>,"To the genderstudycongress.com Admin! my name’s Eric and for just a second, imagine this…\r\n\r\n- Someone does a search and winds up at genderstudycongress.com.\r\n\r\n- They hang out for a minute to check it out.  I’m interested… but… maybe…\r\n\r\n- An"
123,2023-12-22 01:37:56,ericjonesmyemail@gmail.com,555-555-1212,Eric,<blank>,"To the genderstudycongress.com Administrator. my name’s Eric and for just a second, imagine this…\r\n\r\n- Someone does a search and winds up at genderstudycongress.com.\r\n\r\n- They hang out for a minute to check it out.  I’m interested… but… maybe…"
124,2023-12-23 16:41:51,ericjonesmyemail@gmail.com,555-555-1212,Eric,<blank>,"Hello genderstudycongress.com Webmaster! my name’s Eric and for just a second, imagine this…\r\n\r\n- Someone does a search and winds up at genderstudycongress.com.\r\n\r\n- They hang out for a minute to check it out.  I’m interested… but… maybe…\r\n\r\n-"
125,2024-01-01 03:07:43,security.michael@gmail.com,+13583720483,Security Expert,United States,"Hi dear,\r\n\r\nI hope this email finds you well.,I am an ethical cyber security with expertise in identifying and addressing security vulnerabilities. After conducting a recent analysis of the Gender Study Congress website, I've identified some security issu"
126,2024-01-12 22:35:06,bemibrooks.dev@gmail.com,06-39165353,Bemi,<blank>,"Hello,\r\n\r\nI just wanted to know if you require a better solution to manage SEO, SMO, SMM, PPC Campaigns, keyword research, Reporting etc. We are a leading Digital Marketing Agency, offering marketing solutions at affordable prices.\r\n\r\nWe can manage all as"

