id,now,time,status,category,session
1,2021-11-25 11:37:39,08:00-09:00,1,1,Registration
2,2021-11-25 11:37:59,09:00-09:30,1,1,Opening Ceremony and Introduction
3,2021-11-25 11:38:25,09:30-10:10,1,1,Keynote Session I
4,2021-11-25 11:38:50,10:10-10:50,1,1,Keynote Session II
5,2021-12-10 13:59:04,10:50-11:00,1,1,Refreshment Break
6,2021-12-10 13:59:31,11:00-15:00,1,1,Break Out Session I
7,2021-12-10 13:59:53,15:00-15:10,1,1,Refreshment Break
8,2021-12-10 14:00:15,15:10-18:00,1,1,Break Out Session II
9,2021-12-10 14:00:43,09:30-10:10,1,2,Keynote Session III
10,2021-12-10 14:01:04,10:10-10:50,1,2,Keynote Session IV
11,2021-12-10 14:01:29,10:50-11:00,1,2,Refreshment Break
12,2021-12-10 14:01:50,11:00-15:00,1,2,Break Out Session III
13,2021-12-10 14:02:12,15:00-15:10,1,2,Refreshment Break
14,2021-12-10 14:02:32,15:10-18:00,1,2,Break Out Session IV

