id,now,title,status,description
1,2021-11-24 11:05:58,How can I join the speaker faculty / submit my paper to the Event?,1,"<p>We are always looking for new industry leaders to join our speaker faculty to deliver presentations, lead panel discussions and moderate sessions or roundtables.\xa0<br />\r\nIf you are interested in being considered as a speaker, submit your proposal/abstract <a href=""https://genderstudycongress.com/abstract-submission.php"">Online</a></p>\r\n"
5,2021-12-03 14:27:52,​Speaker topic selection?,1,"<p>We let speakers propose the topic they want to talk about. This process allows speakers to propose sessions that speak from their expertise and passion.<br />\r\nSpeaker can choose the topic of your choice in related to the conference subject or any of their recent research work to present at our conference.<br />\r\nFor details of scientific sessions covered [not limited to, you can propose]</p>\r\n\r\n<p><a href=""https://genderstudycongress.com/scientific-sessions.php"">https://genderstudycongress.com/scientific-sessions.php</a></p>\r\n"
6,2021-12-03 14:28:41,How long each Presentation will be?,1,"<p>Please visit the page <a href=""https://genderstudycongress.com/guidelines.php"">here</a></p>\r\n"
7,2021-12-03 14:29:26,Can I present Online from my Place?,1,"<p>Yes, as our conference is scheduled in Hybrid Mode, you can present and listen to full program virtually connecting via ZOOM live stream</p>\r\n"
8,2021-12-03 14:35:25,Deadlines or Important Dates to be noted?,1,"<p>Please reach out to the page <a href=""https://genderstudycongress.com/important-dates.php"">here</a></p>\r\n"
9,2021-12-03 14:35:45,How are papers reviewed?,1,"<p>We use mutually-anonymous peer review, a process that is widely employed across scientific fields. In mutually-anonymous review, authors are not told the identity of their reviewers and vice versa. This allows the reviewers to focus on the content of a scientific paper, rather than for instance the prestige of the authors or institutions involved.</p>\r\n"
10,2021-12-16 07:29:10,Can I track my Submitted Abstract?,1,<p>Upon submission authors will receive their personal access and password codes for tracking their submissions [Abstract Tracking Tool]</p>\r\n
11,2023-02-25 13:29:37,Is there any fee need to paid for review process?,1,<p>No prior payments required for review process.</p>\r\n
12,2023-02-25 13:30:14,Is registration required? ,1,"<p>Once your abstract got accepted, the Presenting Author of an accepted oral or poster abstract must register for the Annual Meeting (fees apply)</p>\r\n\r\n<p>\xa0</p>\r\n"
13,2023-02-25 13:30:53,Where do I register?,1,"<p>You can process your payment for registration at <a href=""https://genderstudycongress.com/registrations.php"">https://genderstudycongress.com/registrations.php</a></p>\r\n"
14,2023-02-25 13:31:20,Which are the accepted methods of payment?,1,"<p>Typically, registrations may be paid using the PayPal Online Service, which enables any credit/Debit card payment</p>\r\n"
15,2023-02-25 13:32:35,Is there any Travel Funding / Accommodation?,1,<p>There is a large cost associated with running conferences. As ours is a conference with limited funds we do not cover Travel costs or accommodation</p>\r\n\r\n<p>\xa0</p>\r\n
16,2023-02-25 13:32:53,Is there any honorarium/ Speaker support?,1,"<p>No, as a self-funding organization, we do not provide honoraria or travel expenses for session speakers/attendees</p>\r\n"
17,2023-02-25 13:33:10,Is there any free Pass?,1,<p>The availability of free pass got Exhausted and there are no free passes currently available</p>\r\n
18,2023-02-25 13:33:24,Is there any Discount on Registration fee?,1,<p>You can raise a request to conference secretary for discount on conference registration fee. Conference Secretary will reach you with the availability. Discounts apply only to researchers experiencing financial difficulties and/or coming from developing countries.\xa0</p>\r\n
19,2023-02-25 13:34:51,Any Special Discounts for Group Participation?,1,"<p>Reach out to conference secretary, where he will inform you with the details [<a href=""mailto:maryjones@sciinovhealth.com"">maryjones@sciinovhealth.com</a>]</p>\r\n"
20,2023-02-25 13:35:52,What are the Current Registration fees [Category wise]?,1,"<p>Mid Term Ends on March 23rd, 2023<br />\r\nOral Presentation (In-Person) $799<br />\r\nOral Presentation (Virtual) $499<br />\r\nPoster Presentation (In-Person) $649<br />\r\nPoster Presentation (Virtual) $399<br />\r\nListener (In-Person) $899<br />\r\nListener (Virtual) $299<br />\r\nStudent (In-Person/Virtual) $499</p>\r\n"
21,2023-02-25 13:36:18,How do I apply for a Visa?,1,"<p>Visas for non-GCC nationals may take several weeks to process, so avoid delay by ensuring your booking is confirmed by registering today. We accept no responsibility for denials or delays in the processing of visas.</p>\r\n\r\n<p>\xa0</p>\r\n"
22,2023-02-25 13:36:41,What COVID-19 safety measures are you taking?,1,"<p>In an effort to allow for appropriate social distancing, we are taking a number of measures to reduce density.<br />\r\nPlease be assured that the health and safety of our attendees is paramount to us. Given the latest conditions, only those fully vaccinated against COVID-19 are permitted to attend. You will be required to provide proof of vaccination at registration. Additionally, please be advised that per local guidelines in Budapest, Hungary, at this time masks are required in indoor public places regardless of vaccination status.</p>\r\n\r\n<p>\xa0</p>\r\n"
23,2023-02-25 13:38:48,What are the different session formats?,1,"<div>There are four different session formats. They are:</div>\r\n\r\n<div>\xa0</div>\r\n\r\n<div>Oral Presentations: 25 – 30 minutes: Presentations are speeches (usually accompanied by PowerPoint slides) that include examples, are issue-oriented, and contain both practical and theoretical information.</div>\r\n\r\n<div>\xa0</div>\r\n\r\n<div>Poster Presentations: A poster session is 60 minutes and is scheduled concurrently with other sessions in the conference program.</div>\r\n\r\n<div>\xa0</div>\r\n\r\n<div>Workshops: 2 hours – 5 days: Workshops are meetings for intensive discussion with an emphasis on problem-solving. Interactive discussion, exchange of ideas, demonstration of methods of practical application of skills and principles is actively encouraged.</div>\r\n\r\n<div>\xa0</div>\r\n\r\n<div>Panel Discussions: 45 minutes: Panels take many different viewpoints on a topic or issue and combine them in one venue. Debate among panellists is welcome in this format and audience participation should be accounted for. Issues should be presented and placed in their proper historical context with an eye towards its future resolution.</div>\r\n"
24,2023-02-25 13:39:20,Are media permitted to attend the conference?,1,<div>Yes; there are a limited number of press passes for the event.</div>\r\n
25,2023-02-25 13:39:44,What media partnership packages are available?,1,"<div>We can tailor a partnership package to help meet your business objectives. This might include brand awareness, driving traffic to your site or quality editorial content via exclusive interviews and Q&As with our executive audience. Enquire today for more information.</div>\r\n"

