id,now,email,title,status
1,2018-09-27 07:12:23,maryjones@genderstudycongress.com,Brochure,1
2,2018-09-27 07:12:45,maryjones@genderstudycongress.com,Abstract,1
3,2018-09-27 07:13:05,contact@sciinovgroup.com,Contact,1
4,2018-09-27 07:17:13,maryjones@genderstudycongress.com,Registration,1
5,2019-01-21 13:20:10,contact@sciinovgroup.com,Subscribe,1
6,2021-11-24 12:52:01,maryjones@genderstudycongress.com,sponsorship,1
7,2021-12-01 06:07:47,maryjones@genderstudycongress.com,Purchase Report,1
8,2021-12-01 06:08:04,maryjones@genderstudycongress.com,Refer a Colleague,1
9,2021-12-01 08:08:13,maryjones@genderstudycongress.com,Unsubscribe,1

