id,now,title,keywords,metatitle,description
1,2021-11-30 05:44:50,Home,"Gender Studies – 2023, \tGender Research Conferences, Gender and Sexuality, LGBTQ Studies, Gender based violence, racism, Sexuality Studies Conferences, Gender and Sexuality Symposium, Feminist Studies USA, Black Lives Matter, Gay and Lesbian, Gender and Human Rights, Sociology of Gender and Sexuality, Politics, History and Gender, Benevolent Sexism, Transgender Studies, Gender based violence, Gender and Human Rights, conferences Gender, Best Gender conferences USA, Gender studies conferences Europe",Gender Studies Congress | Sexuality Studies Conferences | LGBTQ| Gender based violence | Transgender Symposium | Best Gender studies Conference | Feminist Studies | Gay and Lesbian Studies| women’s leadership |Gender and Human Rights | Budapest| Hungary| June| 2023| SCIINOV Group,Gender Studies Conference | Sexuality Studies Conferences | LGBTQ Studies| Gender Studies 2023 | Budapest| Hungary | Gender Europe | Sciinov Group| Caucuscentric| Virtual | Gender based violence USA| Sociology of Gender/Sexuality| Gender and Religion| Transgender Studies| Gender Symposium| Best Gender studies Conference| Gender and Human Rights| LGBTQ Conferences| racism Conferences| Gay and Lesbian Conference| Feminist Studies USA| Gender UK| Black Lives Matter
2,2021-11-30 05:45:29,Scientific Committee,"Gender Studies – 2023, \tGender Research Conferences, Gender and Sexuality, LGBTQ Studies, Gender based violence, racism, Sexuality Studies Conferences, Gender and Sexuality Symposium, Feminist Studies USA, Black Lives Matter, Gay and Lesbian, Gender and Human Rights, Sociology of Gender and Sexuality, Politics, History and Gender, Benevolent Sexism, Transgender Studies, Gender based violence, Gender and Human Rights, conferences Gender, Best Gender conferences USA, Gender studies conferences Europe",Scientific Committee|Gender Studies Conference | Sexuality Studies Conferences | Gender and Sexuality Conferences| LGBTQ Studies| Gender Studies 2022 | Dubai | UAE | Gender Europe | Sciinov Group| Caucuscentric| Virtual Gender Studies| Gender based violence USA| Sociology of Gender/Sexuality| Gender and Religion| Transgender Studies| Gender Symposium| Gender and Sexuality Conference| Best Gender studies Conference| Gender and Human Rights| LGBTQ Conferences| racism Conferences| Gay and Lesbian Conference| Feminist Studies USA| Gender UK| Black Lives Matter,Scientific Committee| Gender Studies Conference | Sexuality Studies Conferences | LGBTQ Studies| Gender Studies 2023 | Budapest| Hungary | Gender Europe | Sciinov Group| Caucuscentric| Virtual | Gender based violence USA| Sociology of Gender/Sexuality| Gender and Religion| Transgender Studies| Gender Symposium| Best Gender studies Conference| Gender and Human Rights| LGBTQ Conferences| racism Conferences| Gay and Lesbian Conference| Feminist Studies USA| Gender UK| Black Lives Matter
3,2021-11-30 06:24:39,Scientific Sessions,"Gender Studies – 2023, \tGender Research Conferences, Gender and Sexuality, LGBTQ Studies, Gender based violence, racism, Sexuality Studies Conferences, Gender and Sexuality Symposium, Feminist Studies USA, Black Lives Matter, Gay and Lesbian, Gender and Human Rights, Sociology of Gender and Sexuality, Politics, History and Gender, Benevolent Sexism, Transgender Studies, Gender based violence, Gender and Human Rights, conferences Gender, Best Gender conferences USA, Gender studies conferences Europe",Scientific Sessions| Gender Studies Congress | Sexuality Studies Conferences | LGBTQ| Gender based violence | Transgender Symposium | Best Gender studies Conference | Feminist Studies | Gay and Lesbian Studies| women’s leadership |Gender and Human Rights | Budapest| Hungary| June| 2023| SCIINOV Group,Scientific Sessions| Gender Studies Conference | Sexuality Studies Conferences | LGBTQ Studies| Gender Studies 2023 | Budapest| Hungary | Gender Europe | Sciinov Group| Caucuscentric| Virtual | Gender based violence USA| Sociology of Gender/Sexuality| Gender and Religion| Transgender Studies| Gender Symposium| Best Gender studies Conference| Gender and Human Rights| LGBTQ Conferences| racism Conferences| Gay and Lesbian Conference| Feminist Studies USA| Gender UK| Black Lives Matter
4,2021-11-30 06:25:07,Scientific Program,"Gender Studies -2022, Gender Research Conferences, Gender and Sexuality, LGBTQ Studies, Gender based violence, racism, Sexuality Studies Conferences, Gender and Sexuality Symposium, Feminist Studies USA, Black Lives Matter, Gay and Lesbian, Gender and Human Rights, Sociology of Gende and Sexuality, Politics, History and Gender, Benevolent Sexism, Transgender Studies, Gender based violence, Gender and Human Rights, conferences Gender, Best Gender conferences USA, Gender studies conferences Europe",Scientific Program| Gender Studies Conference | Sexuality Studies Conferences | Gender and Sexuality Conferences| LGBTQ Studies| Gender Studies 2022 | Dubai | UAE | Gender Europe | Sciinov Group| Caucuscentric| Virtual Gender Studies| Gender based violence USA| Sociology of Gender/Sexuality| Gender and Religion| Transgender Studies| Gender Symposium| Gender and Sexuality Conference| Best Gender studies Conference| Gender and Human Rights| LGBTQ Conferences| racism Conferences| Gay and Lesbian Conference| Feminist Studies USA| Gender UK| Black Lives Matter,Scientific Program| Gender Studies Conference | Sexuality Studies Conferences | Gender and Sexuality Conferences| LGBTQ Studies| Gender Studies 2022 | Dubai | UAE | Gender Europe | Sciinov Group| Caucuscentric| Virtual Gender Studies| Gender based violence USA| Sociology of Gender/Sexuality| Gender and Religion| Transgender Studies| Gender Symposium| Gender and Sexuality Conference| Best Gender studies Conference| Gender and Human Rights| LGBTQ Conferences| racism Conferences| Gay and Lesbian Conference| Feminist Studies USA| Gender UK| Black Lives Matter
5,2021-11-30 06:25:41,Brochure Download,"Gender Studies – 2023, \tGender Research Conferences, Gender and Sexuality, LGBTQ Studies, Gender based violence, racism, Sexuality Studies Conferences, Gender and Sexuality Symposium, Feminist Studies USA, Black Lives Matter, Gay and Lesbian, Gender and Human Rights, Sociology of Gender and Sexuality, Politics, History and Gender, Benevolent Sexism, Transgender Studies, Gender based violence, Gender and Human Rights, conferences Gender, Best Gender conferences USA, Gender studies conferences Europe",Brochure Download| Gender Studies Congress | Sexuality Studies Conferences | LGBTQ| Gender based violence | Transgender Symposium | Best Gender studies Conference | Feminist Studies | Gay and Lesbian Studies| women’s leadership |Gender and Human Rights | Budapest| Hungary| June| 2023| SCIINOV Group,Brochure Download| Gender Studies Conference | Sexuality Studies Conferences | LGBTQ Studies| Gender Studies 2023 | Budapest| Hungary | Gender Europe | Sciinov Group| Caucuscentric| Virtual | Gender based violence USA| Sociology of Gender/Sexuality| Gender and Religion| Transgender Studies| Gender Symposium| Best Gender studies Conference| Gender and Human Rights| LGBTQ Conferences| racism Conferences| Gay and Lesbian Conference| Feminist Studies USA| Gender UK| Black Lives Matter
6,2021-11-30 06:26:00,Faqs,"Gender Studies – 2023, \tGender Research Conferences, Gender and Sexuality, LGBTQ Studies, Gender based violence, racism, Sexuality Studies Conferences, Gender and Sexuality Symposium, Feminist Studies USA, Black Lives Matter, Gay and Lesbian, Gender and Human Rights, Sociology of Gender and Sexuality, Politics, History and Gender, Benevolent Sexism, Transgender Studies, Gender based violence, Gender and Human Rights, conferences Gender, Best Gender conferences USA, Gender studies conferences Europe",FAQs| Gender Studies Congress | Sexuality Studies Conferences | LGBTQ| Gender based violence | Transgender Symposium | Best Gender studies Conference | Feminist Studies | Gay and Lesbian Studies| women’s leadership |Gender and Human Rights | Budapest| Hungary| June| 2023| SCIINOV Group,FAQs| Gender Studies Conference | Sexuality Studies Conferences | LGBTQ Studies| Gender Studies 2023 | Budapest| Hungary | Gender Europe | Sciinov Group| Caucuscentric| Virtual | Gender based violence USA| Sociology of Gender/Sexuality| Gender and Religion| Transgender Studies| Gender Symposium| Best Gender studies Conference| Gender and Human Rights| LGBTQ Conferences| racism Conferences| Gay and Lesbian Conference| Feminist Studies USA| Gender UK| Black Lives Matter
7,2021-11-30 06:26:25,Accommodation,"Gender Studies – 2023, \tGender Research Conferences, Gender and Sexuality, LGBTQ Studies, Gender based violence, racism, Sexuality Studies Conferences, Gender and Sexuality Symposium, Feminist Studies USA, Black Lives Matter, Gay and Lesbian, Gender and Human Rights, Sociology of Gender and Sexuality, Politics, History and Gender, Benevolent Sexism, Transgender Studies, Gender based violence, Gender and Human Rights, conferences Gender, Best Gender conferences USA, Gender studies conferences Europe",Accommodation| Gender Studies Congress | Sexuality Studies Conferences | LGBTQ| Gender based violence | Transgender Symposium | Best Gender studies Conference | Feminist Studies | Gay and Lesbian Studies| women’s leadership |Gender and Human Rights | Budapest| Hungary| June| 2023| SCIINOV Group,Accommodation| Gender Studies Conference | Sexuality Studies Conferences | LGBTQ Studies| Gender Studies 2023 | Budapest| Hungary | Gender Europe | Sciinov Group| Caucuscentric| Virtual | Gender based violence USA| Sociology of Gender/Sexuality| Gender and Religion| Transgender Studies| Gender Symposium| Best Gender studies Conference| Gender and Human Rights| LGBTQ Conferences| racism Conferences| Gay and Lesbian Conference| Feminist Studies USA| Gender UK| Black Lives Matter
8,2021-11-30 06:26:50,Important Dates,"Gender Studies – 2023, \tGender Research Conferences, Gender and Sexuality, LGBTQ Studies, Gender based violence, racism, Sexuality Studies Conferences, Gender and Sexuality Symposium, Feminist Studies USA, Black Lives Matter, Gay and Lesbian, Gender and Human Rights, Sociology of Gender and Sexuality, Politics, History and Gender, Benevolent Sexism, Transgender Studies, Gender based violence, Gender and Human Rights, conferences Gender, Best Gender conferences USA, Gender studies conferences Europe",Important Dates| Gender Studies Congress | Sexuality Studies Conferences | LGBTQ| Gender based violence | Transgender Symposium | Best Gender studies Conference | Feminist Studies | Gay and Lesbian Studies| women’s leadership |Gender and Human Rights | Budapest| Hungary| June| 2023| SCIINOV Group,Important Dates| Gender Studies Conference | Sexuality Studies Conferences | LGBTQ Studies| Gender Studies 2023 | Budapest| Hungary | Gender Europe | Sciinov Group| Caucuscentric| Virtual | Gender based violence USA| Sociology of Gender/Sexuality| Gender and Religion| Transgender Studies| Gender Symposium| Best Gender studies Conference| Gender and Human Rights| LGBTQ Conferences| racism Conferences| Gay and Lesbian Conference| Feminist Studies USA| Gender UK| Black Lives Matter
9,2021-11-30 06:27:10,Guidelines,"Gender Studies – 2023, \tGender Research Conferences, Gender and Sexuality, LGBTQ Studies, Gender based violence, racism, Sexuality Studies Conferences, Gender and Sexuality Symposium, Feminist Studies USA, Black Lives Matter, Gay and Lesbian, Gender and Human Rights, Sociology of Gender and Sexuality, Politics, History and Gender, Benevolent Sexism, Transgender Studies, Gender based violence, Gender and Human Rights, conferences Gender, Best Gender conferences USA, Gender studies conferences Europe",Guidelines| Gender Studies Congress | Sexuality Studies Conferences | LGBTQ| Gender based violence | Transgender Symposium | Best Gender studies Conference | Feminist Studies | Gay and Lesbian Studies| women’s leadership |Gender and Human Rights | Budapest| Hungary| June| 2023| SCIINOV Group,Guidelines| Gender Studies Conference | Sexuality Studies Conferences | LGBTQ Studies| Gender Studies 2023 | Budapest| Hungary | Gender Europe | Sciinov Group| Caucuscentric| Virtual | Gender based violence USA| Sociology of Gender/Sexuality| Gender and Religion| Transgender Studies| Gender Symposium| Best Gender studies Conference| Gender and Human Rights| LGBTQ Conferences| racism Conferences| Gay and Lesbian Conference| Feminist Studies USA| Gender UK| Black Lives Matter
10,2021-11-30 06:27:39,Sponsorship Exhibitor,"Gender Studies – 2023, \tGender Research Conferences, Gender and Sexuality, LGBTQ Studies, Gender based violence, racism, Sexuality Studies Conferences, Gender and Sexuality Symposium, Feminist Studies USA, Black Lives Matter, Gay and Lesbian, Gender and Human Rights, Sociology of Gender and Sexuality, Politics, History and Gender, Benevolent Sexism, Transgender Studies, Gender based violence, Gender and Human Rights, conferences Gender, Best Gender conferences USA, Gender studies conferences Europe",Sponsorship Exhibitor| Gender Studies Congress | Sexuality Studies Conferences | LGBTQ| Gender based violence | Transgender Symposium | Best Gender studies Conference | Feminist Studies | Gay and Lesbian Studies| women’s leadership |Gender and Human Rights | Budapest| Hungary| June| 2023| SCIINOV Group,Sponsorship Exhibitor| Gender Studies Conference | Sexuality Studies Conferences | LGBTQ Studies| Gender Studies 2023 | Budapest| Hungary | Gender Europe | Sciinov Group| Caucuscentric| Virtual | Gender based violence USA| Sociology of Gender/Sexuality| Gender and Religion| Transgender Studies| Gender Symposium| Best Gender studies Conference| Gender and Human Rights| LGBTQ Conferences| racism Conferences| Gay and Lesbian Conference| Feminist Studies USA| Gender UK| Black Lives Matter
11,2021-11-30 06:28:28,Past Events,"Gender Studies – 2023, \tGender Research Conferences, Gender and Sexuality, LGBTQ Studies, Gender based violence, racism, Sexuality Studies Conferences, Gender and Sexuality Symposium, Feminist Studies USA, Black Lives Matter, Gay and Lesbian, Gender and Human Rights, Sociology of Gender and Sexuality, Politics, History and Gender, Benevolent Sexism, Transgender Studies, Gender based violence, Gender and Human Rights, conferences Gender, Best Gender conferences USA, Gender studies conferences Europe",Past Events| Gender Studies Congress | Sexuality Studies Conferences | LGBTQ| Gender based violence | Transgender Symposium | Best Gender studies Conference | Feminist Studies | Gay and Lesbian Studies| women’s leadership |Gender and Human Rights | Budapest| Hungary| June| 2023| SCIINOV Group,Past Events| Gender Studies Conference | Sexuality Studies Conferences | LGBTQ Studies| Gender Studies 2023 | Budapest| Hungary | Gender Europe | Sciinov Group| Caucuscentric| Virtual | Gender based violence USA| Sociology of Gender/Sexuality| Gender and Religion| Transgender Studies| Gender Symposium| Best Gender studies Conference| Gender and Human Rights| LGBTQ Conferences| racism Conferences| Gay and Lesbian Conference| Feminist Studies USA| Gender UK| Black Lives Matter
12,2021-11-30 06:29:37,About Us,"Gender Studies – 2023, \tGender Research Conferences, Gender and Sexuality, LGBTQ Studies, Gender based violence, racism, Sexuality Studies Conferences, Gender and Sexuality Symposium, Feminist Studies USA, Black Lives Matter, Gay and Lesbian, Gender and Human Rights, Sociology of Gender and Sexuality, Politics, History and Gender, Benevolent Sexism, Transgender Studies, Gender based violence, Gender and Human Rights, conferences Gender, Best Gender conferences USA, Gender studies conferences Europe",About Us| Gender Studies Congress | Sexuality Studies Conferences | LGBTQ| Gender based violence | Transgender Symposium | Best Gender studies Conference | Feminist Studies | Gay and Lesbian Studies| women’s leadership |Gender and Human Rights | Budapest| Hungary| June| 2023| SCIINOV Group,About Us| Gender Studies Conference | Sexuality Studies Conferences | LGBTQ Studies| Gender Studies 2023 | Budapest| Hungary | Gender Europe | Sciinov Group| Caucuscentric| Virtual | Gender based violence USA| Sociology of Gender/Sexuality| Gender and Religion| Transgender Studies| Gender Symposium| Best Gender studies Conference| Gender and Human Rights| LGBTQ Conferences| racism Conferences| Gay and Lesbian Conference| Feminist Studies USA| Gender UK| Black Lives Matter
13,2021-11-30 06:30:00,Testimonials,"Gender Studies – 2023, \tGender Research Conferences, Gender and Sexuality, LGBTQ Studies, Gender based violence, racism, Sexuality Studies Conferences, Gender and Sexuality Symposium, Feminist Studies USA, Black Lives Matter, Gay and Lesbian, Gender and Human Rights, Sociology of Gender and Sexuality, Politics, History and Gender, Benevolent Sexism, Transgender Studies, Gender based violence, Gender and Human Rights, conferences Gender, Best Gender conferences USA, Gender studies conferences Europe",Testimonials| Gender Studies Congress | Sexuality Studies Conferences | LGBTQ| Gender based violence | Transgender Symposium | Best Gender studies Conference | Feminist Studies | Gay and Lesbian Studies| women’s leadership |Gender and Human Rights | Budapest| Hungary| June| 2023| SCIINOV Group,Testimonials| Gender Studies Conference | Sexuality Studies Conferences | LGBTQ Studies| Gender Studies 2023 | Budapest| Hungary | Gender Europe | Sciinov Group| Caucuscentric| Virtual | Gender based violence USA| Sociology of Gender/Sexuality| Gender and Religion| Transgender Studies| Gender Symposium| Best Gender studies Conference| Gender and Human Rights| LGBTQ Conferences| racism Conferences| Gay and Lesbian Conference| Feminist Studies USA| Gender UK| Black Lives Matter
14,2021-11-30 06:30:23,Abstract Submission,"Gender Studies – 2023, \tGender Research Conferences, Gender and Sexuality, LGBTQ Studies, Gender based violence, racism, Sexuality Studies Conferences, Gender and Sexuality Symposium, Feminist Studies USA, Black Lives Matter, Gay and Lesbian, Gender and Human Rights, Sociology of Gender and Sexuality, Politics, History and Gender, Benevolent Sexism, Transgender Studies, Gender based violence, Gender and Human Rights, conferences Gender, Best Gender conferences USA, Gender studies conferences Europe",Abstract Submission| Gender Studies Congress | Sexuality Studies Conferences | LGBTQ| Gender based violence | Transgender Symposium | Best Gender studies Conference | Feminist Studies | Gay and Lesbian Studies| women’s leadership |Gender and Human Rights | Budapest| Hungary| June| 2023| SCIINOV Group,Abstract Submission| Gender Studies Conference | Sexuality Studies Conferences | LGBTQ Studies| Gender Studies 2023 | Budapest| Hungary | Gender Europe | Sciinov Group| Caucuscentric| Virtual | Gender based violence USA| Sociology of Gender/Sexuality| Gender and Religion| Transgender Studies| Gender Symposium| Best Gender studies Conference| Gender and Human Rights| LGBTQ Conferences| racism Conferences| Gay and Lesbian Conference| Feminist Studies USA| Gender UK| Black Lives Matter
15,2021-11-30 06:30:38,Contact,"Gender Studies – 2023, \tGender Research Conferences, Gender and Sexuality, LGBTQ Studies, Gender based violence, racism, Sexuality Studies Conferences, Gender and Sexuality Symposium, Feminist Studies USA, Black Lives Matter, Gay and Lesbian, Gender and Human Rights, Sociology of Gender and Sexuality, Politics, History and Gender, Benevolent Sexism, Transgender Studies, Gender based violence, Gender and Human Rights, conferences Gender, Best Gender conferences USA, Gender studies conferences Europe",Contact| Gender Studies Congress | Sexuality Studies Conferences | LGBTQ| Gender based violence | Transgender Symposium | Best Gender studies Conference | Feminist Studies | Gay and Lesbian Studies| women’s leadership |Gender and Human Rights | Budapest| Hungary| June| 2023| SCIINOV Group,Contact| Gender Studies Conference | Sexuality Studies Conferences | LGBTQ Studies| Gender Studies 2023 | Budapest| Hungary | Gender Europe | Sciinov Group| Caucuscentric| Virtual | Gender based violence USA| Sociology of Gender/Sexuality| Gender and Religion| Transgender Studies| Gender Symposium| Best Gender studies Conference| Gender and Human Rights| LGBTQ Conferences| racism Conferences| Gay and Lesbian Conference| Feminist Studies USA| Gender UK| Black Lives Matter
16,2021-11-30 06:30:57,Venue And Hospitality,"Gender Studies – 2023, \tGender Research Conferences, Gender and Sexuality, LGBTQ Studies, Gender based violence, racism, Sexuality Studies Conferences, Gender and Sexuality Symposium, Feminist Studies USA, Black Lives Matter, Gay and Lesbian, Gender and Human Rights, Sociology of Gender and Sexuality, Politics, History and Gender, Benevolent Sexism, Transgender Studies, Gender based violence, Gender and Human Rights, conferences Gender, Best Gender conferences USA, Gender studies conferences Europe",Venue And Hospitality| Gender Studies Congress | Sexuality Studies Conferences | LGBTQ| Gender based violence | Transgender Symposium | Best Gender studies Conference | Feminist Studies | Gay and Lesbian Studies| women’s leadership |Gender and Human Rights | Budapest| Hungary| June| 2023| SCIINOV Group,Venue And Hospitality| Gender Studies Conference | Sexuality Studies Conferences | LGBTQ Studies| Gender Studies 2023 | Budapest| Hungary | Gender Europe | Sciinov Group| Caucuscentric| Virtual | Gender based violence USA| Sociology of Gender/Sexuality| Gender and Religion| Transgender Studies| Gender Symposium| Best Gender studies Conference| Gender and Human Rights| LGBTQ Conferences| racism Conferences| Gay and Lesbian Conference| Feminist Studies USA| Gender UK| Black Lives Matter
17,2021-11-30 06:31:13,Registration,"Gender Studies – 2023, \tGender Research Conferences, Gender and Sexuality, LGBTQ Studies, Gender based violence, racism, Sexuality Studies Conferences, Gender and Sexuality Symposium, Feminist Studies USA, Black Lives Matter, Gay and Lesbian, Gender and Human Rights, Sociology of Gender and Sexuality, Politics, History and Gender, Benevolent Sexism, Transgender Studies, Gender based violence, Gender and Human Rights, conferences Gender, Best Gender conferences USA, Gender studies conferences Europe",Registration| Gender Studies Congress | Sexuality Studies Conferences | LGBTQ| Gender based violence | Transgender Symposium | Best Gender studies Conference | Feminist Studies | Gay and Lesbian Studies| women’s leadership |Gender and Human Rights | Budapest| Hungary| June| 2023| SCIINOV Group,Venue And Hospitality| Gender Studies Conference | Sexuality Studies Conferences | LGBTQ Studies| Gender Studies 2023 | Budapest| Hungary | Gender Europe | Sciinov Group| Caucuscentric| Virtual | Gender based violence USA| Sociology of Gender/Sexuality| Gender and Religion| Transgender Studies| Gender Symposium| Best Gender studies Conference| Gender and Human Rights| LGBTQ Conferences| racism Conferences| Gay and Lesbian Conference| Feminist Studies USA| Gender UK| Black Lives Matter
18,2021-11-30 06:31:58,Gallery,"Gender Studies – 2023, \tGender Research Conferences, Gender and Sexuality, LGBTQ Studies, Gender based violence, racism, Sexuality Studies Conferences, Gender and Sexuality Symposium, Feminist Studies USA, Black Lives Matter, Gay and Lesbian, Gender and Human Rights, Sociology of Gender and Sexuality, Politics, History and Gender, Benevolent Sexism, Transgender Studies, Gender based violence, Gender and Human Rights, conferences Gender, Best Gender conferences USA, Gender studies conferences Europe",Gallery| Gender Studies Congress | Sexuality Studies Conferences | LGBTQ| Gender based violence | Transgender Symposium | Best Gender studies Conference | Feminist Studies | Gay and Lesbian Studies| women’s leadership |Gender and Human Rights | Budapest| Hungary| June| 2023| SCIINOV Group,Gallery| Gender Studies Conference | Sexuality Studies Conferences | LGBTQ Studies| Gender Studies 2023 | Budapest| Hungary | Gender Europe | Sciinov Group| Caucuscentric| Virtual | Gender based violence USA| Sociology of Gender/Sexuality| Gender and Religion| Transgender Studies| Gender Symposium| Best Gender studies Conference| Gender and Human Rights| LGBTQ Conferences| racism Conferences| Gay and Lesbian Conference| Feminist Studies USA| Gender UK| Black Lives Matter
19,2021-11-30 06:32:25,Recent Updates,"Gender Studies – 2023, \tGender Research Conferences, Gender and Sexuality, LGBTQ Studies, Gender based violence, racism, Sexuality Studies Conferences, Gender and Sexuality Symposium, Feminist Studies USA, Black Lives Matter, Gay and Lesbian, Gender and Human Rights, Sociology of Gender and Sexuality, Politics, History and Gender, Benevolent Sexism, Transgender Studies, Gender based violence, Gender and Human Rights, conferences Gender, Best Gender conferences USA, Gender studies conferences Europe",Recent Updates| Gender Studies Congress | Sexuality Studies Conferences | LGBTQ| Gender based violence | Transgender Symposium | Best Gender studies Conference | Feminist Studies | Gay and Lesbian Studies| women’s leadership |Gender and Human Rights | Budapest| Hungary| June| 2023| SCIINOV Group,Recent Updates| Gender Studies Conference | Sexuality Studies Conferences | LGBTQ Studies| Gender Studies 2023 | Budapest| Hungary | Gender Europe | Sciinov Group| Caucuscentric| Virtual | Gender based violence USA| Sociology of Gender/Sexuality| Gender and Religion| Transgender Studies| Gender Symposium| Best Gender studies Conference| Gender and Human Rights| LGBTQ Conferences| racism Conferences| Gay and Lesbian Conference| Feminist Studies USA| Gender UK| Black Lives Matter
20,2021-11-30 06:33:06,Market Reports,"Gender Studies – 2023, \tGender Research Conferences, Gender and Sexuality, LGBTQ Studies, Gender based violence, racism, Sexuality Studies Conferences, Gender and Sexuality Symposium, Feminist Studies USA, Black Lives Matter, Gay and Lesbian, Gender and Human Rights, Sociology of Gender and Sexuality, Politics, History and Gender, Benevolent Sexism, Transgender Studies, Gender based violence, Gender and Human Rights, conferences Gender, Best Gender conferences USA, Gender studies conferences Europe",Market Reports| Gender Studies Congress | Sexuality Studies Conferences | LGBTQ| Gender based violence | Transgender Symposium | Best Gender studies Conference | Feminist Studies | Gay and Lesbian Studies| women’s leadership |Gender and Human Rights | Budapest| Hungary| June| 2023| SCIINOV Group,Market Reports| Gender Studies Conference | Sexuality Studies Conferences | LGBTQ Studies| Gender Studies 2023 | Budapest| Hungary | Gender Europe | Sciinov Group| Caucuscentric| Virtual | Gender based violence USA| Sociology of Gender/Sexuality| Gender and Religion| Transgender Studies| Gender Symposium| Best Gender studies Conference| Gender and Human Rights| LGBTQ Conferences| racism Conferences| Gay and Lesbian Conference| Feminist Studies USA| Gender UK| Black Lives Matter
21,2021-11-30 06:33:55,Terms And Conditions,"Gender Studies – 2023, \tGender Research Conferences, Gender and Sexuality, LGBTQ Studies, Gender based violence, racism, Sexuality Studies Conferences, Gender and Sexuality Symposium, Feminist Studies USA, Black Lives Matter, Gay and Lesbian, Gender and Human Rights, Sociology of Gender and Sexuality, Politics, History and Gender, Benevolent Sexism, Transgender Studies, Gender based violence, Gender and Human Rights, conferences Gender, Best Gender conferences USA, Gender studies conferences Europe",Terms And Conditions| Gender Studies Congress | Sexuality Studies Conferences | LGBTQ| Gender based violence | Transgender Symposium | Best Gender studies Conference | Feminist Studies | Gay and Lesbian Studies| women’s leadership |Gender and Human Rights | Budapest| Hungary| June| 2023| SCIINOV Group,Terms And Conditions| Gender Studies Conference | Sexuality Studies Conferences | LGBTQ Studies| Gender Studies 2023 | Budapest| Hungary | Gender Europe | Sciinov Group| Caucuscentric| Virtual | Gender based violence USA| Sociology of Gender/Sexuality| Gender and Religion| Transgender Studies| Gender Symposium| Best Gender studies Conference| Gender and Human Rights| LGBTQ Conferences| racism Conferences| Gay and Lesbian Conference| Feminist Studies USA| Gender UK| Black Lives Matter
22,2021-11-30 06:34:14,Privacy Policy,"Gender Studies – 2023, \tGender Research Conferences, Gender and Sexuality, LGBTQ Studies, Gender based violence, racism, Sexuality Studies Conferences, Gender and Sexuality Symposium, Feminist Studies USA, Black Lives Matter, Gay and Lesbian, Gender and Human Rights, Sociology of Gender and Sexuality, Politics, History and Gender, Benevolent Sexism, Transgender Studies, Gender based violence, Gender and Human Rights, conferences Gender, Best Gender conferences USA, Gender studies conferences Europe",Privacy Policy| Gender Studies Congress | Sexuality Studies Conferences | LGBTQ| Gender based violence | Transgender Symposium | Best Gender studies Conference | Feminist Studies | Gay and Lesbian Studies| women’s leadership |Gender and Human Rights | Budapest| Hungary| June| 2023| SCIINOV Group,Privacy Policy| Gender Studies Conference | Sexuality Studies Conferences | LGBTQ Studies| Gender Studies 2023 | Budapest| Hungary | Gender Europe | Sciinov Group| Caucuscentric| Virtual | Gender based violence USA| Sociology of Gender/Sexuality| Gender and Religion| Transgender Studies| Gender Symposium| Best Gender studies Conference| Gender and Human Rights| LGBTQ Conferences| racism Conferences| Gay and Lesbian Conference| Feminist Studies USA| Gender UK| Black Lives Matter
23,2021-11-30 10:59:00,Speakers,"Gender Studies – 2023, \tGender Research Conferences, Gender and Sexuality, LGBTQ Studies, Gender based violence, racism, Sexuality Studies Conferences, Gender and Sexuality Symposium, Feminist Studies USA, Black Lives Matter, Gay and Lesbian, Gender and Human Rights, Sociology of Gender and Sexuality, Politics, History and Gender, Benevolent Sexism, Transgender Studies, Gender based violence, Gender and Human Rights, conferences Gender, Best Gender conferences USA, Gender studies conferences Europe",Speakers| Gender Studies Congress | Sexuality Studies Conferences | LGBTQ| Gender based violence | Transgender Symposium | Best Gender studies Conference | Feminist Studies | Gay and Lesbian Studies| women’s leadership |Gender and Human Rights | Budapest| Hungary| June| 2023| SCIINOV Group,Speakers| Gender Studies Conference | Sexuality Studies Conferences | LGBTQ Studies| Gender Studies 2023 | Budapest| Hungary | Gender Europe | Sciinov Group| Caucuscentric| Virtual | Gender based violence USA| Sociology of Gender/Sexuality| Gender and Religion| Transgender Studies| Gender Symposium| Best Gender studies Conference| Gender and Human Rights| LGBTQ Conferences| racism Conferences| Gay and Lesbian Conference| Feminist Studies USA| Gender UK| Black Lives Matter
24,2021-11-30 13:32:55,Refer A Colleague,"Gender Studies – 2023, \tGender Research Conferences, Gender and Sexuality, LGBTQ Studies, Gender based violence, racism, Sexuality Studies Conferences, Gender and Sexuality Symposium, Feminist Studies USA, Black Lives Matter, Gay and Lesbian, Gender and Human Rights, Sociology of Gender and Sexuality, Politics, History and Gender, Benevolent Sexism, Transgender Studies, Gender based violence, Gender and Human Rights, conferences Gender, Best Gender conferences USA, Gender studies conferences Europe",Refer A Colleague| Gender Studies Congress | Sexuality Studies Conferences | LGBTQ| Gender based violence | Transgender Symposium | Best Gender studies Conference | Feminist Studies | Gay and Lesbian Studies| women’s leadership |Gender and Human Rights | Budapest| Hungary| June| 2023| SCIINOV Group,Refer A Colleague| Gender Studies Conference | Sexuality Studies Conferences | LGBTQ Studies| Gender Studies 2023 | Budapest| Hungary | Gender Europe | Sciinov Group| Caucuscentric| Virtual | Gender based violence USA| Sociology of Gender/Sexuality| Gender and Religion| Transgender Studies| Gender Symposium| Best Gender studies Conference| Gender and Human Rights| LGBTQ Conferences| racism Conferences| Gay and Lesbian Conference| Feminist Studies USA| Gender UK| Black Lives Matter

