id,map,now,about,email,image,phone,title,date,about2,title2,status,location,description1,description
1,<blank>,2021-11-24 07:03:03,Hybrid Event,<blank>,uploads/images/Gndr.png.png,<blank>,"<strong>Accelerate Ideas, Partnerships and Opportunities</strong>",2024/03/25,Start 9:00am - 6:00pm,Book your SLOT NOW,1,"Las Vegas, USA",<blank>,<blank>
2,<blank>,2021-11-24 11:19:55,<blank>,<blank>,NULL,<blank>,Accommodation,<blank>,<blank>,<blank>,1,<blank>,<blank>,"<p>The conference will takes place in the following location:</p>\r\n\r\n<p><strong>Venue Address:\xa0</strong></p>\r\n\r\n<p>SAHARA LAS VEGAS<br />\r\n2535 LAS VEGAS BOULEVARD SOUTH<br />\r\nLAS VEGAS, NV 89109</p>\r\n"
3,"<iframe src=""https://www.google.com/maps/embed?pb=!1m14!1m8!1m3!1d12887.976683240651!2d-115.1567235!3d36.1423552!3m2!1i1024!2i768!4f13.1!3m3!1m2!1s0x80c8c476d44caf15:0x6b876068ced54096!2sSAHARA Las Vegas!5e0!3m2!1sen!2sin!4v1684916256526!5m2!1sen!2sin"" width=""600"" height=""450"" style=""border:0;"" allowfullscreen="""" loading=""lazy"" referrerpolicy=""no-referrer-when-downgrade""></iframe>",2021-11-24 11:25:20,<blank>,<blank>,NULL,<blank>,Accommodation Map,<blank>,<blank>,<blank>,1,<blank>,<blank>,<blank>
4,<blank>,2021-11-24 11:41:17,<blank>,<blank>,NULL,<blank>,Opening Dates:,<blank>,<blank>,<blank>,1,<blank>,<blank>,"<ul>\r\n\t<li>Conference Dates: 25-26, March, 2024</li>\r\n\t<li>Abstract Submission Opens: 25th May, 2023</li>\r\n\t<li>Registrations Open: 30th May, 2023</li>\r\n</ul>\r\n"
5,<blank>,2021-11-24 11:41:39,<blank>,<blank>,NULL,<blank>,Abstracts:,<blank>,<blank>,<blank>,1,<blank>,<blank>,"<ul>\r\n\t<li>First Round Abstract Submission Ends: July\xa003rd, 2023</li>\r\n\t<li>Second Round Abstract Submission Ends: January 26th, 2024</li>\r\n\t<li>Third Round Abstract Submission Ends: Feburary 23rd, 2024</li>\r\n</ul>\r\n"
6,<blank>,2021-11-24 11:42:04,<blank>,<blank>,NULL,<blank>,Registrations:,<blank>,<blank>,<blank>,1,<blank>,<blank>,"<ul>\r\n\t<li>Early Bird Registration Ends: July 31st, 2023</li>\r\n\t<li>Mid-Term Registration Ends: January 31st, 2024</li>\r\n\t<li>Online Registration Ends:\xa0 February 29th, 2024</li>\r\n</ul>\r\n"
7,<blank>,2021-11-24 11:49:15,<blank>,<blank>,NULL,<blank>,PRACTICAL INFORMATION,<blank>,<blank>,<blank>,1,<blank>,<blank>,"<p><strong>Procedure For Joining The Conference:</strong><br />\r\n\xa0 \xa0- Submit your abstract (<a href=""https://genderstudycongress.com/abstract-submission.php"">here</a>)<br />\r\n\xa0 \xa0- You will receive credentials for\xa0<a href=""https://genderstudycongress.com/login.php"">Abstract Tracking Tool</a>\xa0(ATT) where you can check status of your submission.<br />\r\n\xa0 \xa0- Once we have assessed your abstract and admitted you to the conference, you can download acceptance letter at ATT.<br />\r\n\xa0 \xa0- Payments can be made by PayPal or by bank transfer request. Your participation in the conference is guaranteed only after receipt of full payment.<br />\r\n\xa0 \xa0- Please note that conference board accepts registrations on a first-paid, first-served policy.</p>\r\n\r\n<p>\xa0</p>\r\n\r\n<p><strong>Registration:</strong>\xa0All 2024\xa0speakers/attendees are required to register for the conference, as is part of the terms and conditions. Please complete your registration via the\xa0<a href=""https://genderstudycongress.com/registrations.php"">registration page</a>. You will need to purchase a ticket to secure your place at the conference.<br />\r\n\xa0 \xa0 \xa0 \xa0 \xa0 \xa0 \xa0If you are not planning on attending the physical conference in Las Vegas, please purchase a virtual ticket. We want as many of you at the physical event as possible, so please don’t let the surrounding situation deter you from attending!</p>\r\n\r\n<p>\xa0</p>\r\n\r\n<p><strong>I am unable to afford the registration cost:</strong><br />\r\nWe understand the surrounding COVID situation has financially affected many of you. We are providing differing ticket types to be as inclusive as possible<br />\r\n\xa0 \xa0 \xa0 \xa0 \xa0 \xa0 \xa0The policy has been clear from the start, and to remain fair, we must treat all of our presenters with the same conditions<br />\r\n\xa0 \xa0 \xa0 \xa0 \xa0 \xa0 \xa0There is a large cost associated with running conferences and registrations are one of the ways we cover these costs so please keep this in mind!</p>\r\n"
8,<blank>,2021-11-24 11:49:47,<blank>,<blank>,NULL,<blank>,​Guidelines For Presenters:,<blank>,<blank>,<blank>,1,<blank>,<blank>,"<p>​<strong>Tips for a Good Presentation:\xa0</strong><br />\r\nWhether you are a seasoned presenter or a nervous first-timer, the following tips are intended as a simple guide.</p>\r\n\r\n<p><strong>How Long Is the Ideal Presentation?</strong><br />\r\nYou have a\xa0<strong>25-minute</strong>\xa0slot allocated in which to present, but your presentation itself should be no longer than 20 minutes. We would suggest aiming for around 15–18 minutes. This will allow ample time for directly engaging with the audience through discussion and questions.</p>\r\n\r\n<p><strong>Structuring Your Presentation:</strong><br />\r\nFirst, make sure you know what you want to say and the points you wish to cover, and keep your presentation clear, simple and concise. Structure it clearly and logically so that both you and your audience know where you are going. Visuals and signposts will help with this, especially if you are using\xa0<strong>PowerPoint</strong>.</p>\r\n\r\n<p>\xa0</p>\r\n\r\n<p><strong>Oral Presentation guidelines:</strong><br />\r\n\xa0 \xa0- Please be informed that there may be slight changes in the program for any reason. So please be available in the meeting room from the conference start time on the day of your presentation.<br />\r\n\xa0 \xa0- Each speaker will have\xa0<strong>20-25 minutes for presentation</strong>. Please plan your talk for 17-19 minutes to allow for introduction and questions. In order to stay in track of time, please ensure that you start and end your presentation on the times indicated in the schedule.<br />\r\n\xa0 \xa0- The working language of the conference is\xa0<strong>English</strong>.<br />\r\n\xa0 \xa0- Presentation should be submitted in\xa0<strong>PDF\xa0</strong>or\xa0<strong>PPT\xa0</strong>Format. Be sure your visuals are clear and very legible.<br />\r\n\xa0 \xa0- Submit your presentation slides\xa0<strong>15 days</strong>\xa0before the conference and also bring a copy with you on flash drive or storage device to the event.<br />\r\n\xa0 \xa0- Please check and make sure that your presentations are working properly before the session starts.<br />\r\n\xa0 \xa0- The meeting room is equipped with digital projector, screen, laptop, slider with pointer, cordless mike, desktop mike, basic sound system.<br />\r\n\xa0 \xa0- Taking the timelines and technical set up into consideration, using personal laptops are not recommended unless under unavoidable conditions.<br />\r\n\xa0 \xa0- Users of Windows/PC should assure compatibility of their presentation with the MAC system used at the lectern.</p>\r\n\r\n<p>\xa0</p>\r\n\r\n<p><strong>Suggestions for Oral Presentations:</strong><br />\r\n\xa0 \xa0-\xa0<strong>Take the time to plan your presentation</strong><br />\r\n\xa0 \xa0-\xa0<strong>Be sure to stick to the time provided for your presentation:\xa0</strong>Rehearse your presentation and time it. When using A/V, a presentation's delivery frequently takes longer than a rehearsal.\xa0 Know what to omit if you must shorten your remarks. Give the other panelists equal time and allow plenty of time for Q&A. Additionally, avoid cutting your session short or ending it early as it could alter the program's schedule.<br />\r\n\xa0 \xa0-\xa0<strong>Don&rsquo;t read your presentation or speak too fast,</strong>\xa0but do speak loudly and clearly.<br />\r\n\xa0 \xa0-\xa0<strong>Throughout the session, solicit questions and comments from the audience:\xa0</strong>You will be more involved with your audience and the exchange of ideas will be more comfortable.\xa0 Encourage participation and queries, but keep your responses succinct.<br />\r\n\xa0 \xa0-\xa0<strong>No commercials, please!\xa0</strong>Your name, title, and organization will be listed in the conference program and can be included on handouts. Your best commercial is to deliver a relevant, timely session.<br />\r\n\xa0 \xa0-\xa0<strong>Virtual Conference:</strong>\xa0If your session is part of the Virtual Conference, be sure to acknowledge your virtual audience. Invite questions from them and look towards the camera from time to time so that they know you’re aware of their existence.</p>\r\n\r\n<p>\xa0</p>\r\n\r\n<p><strong>Tips for Onsite Presentation:</strong><br />\r\n<strong>Checklist to Bring:</strong><br />\r\n\xa0 \xa0- Presentation on a USB drive<br />\r\n\xa0 \xa0- Back-up of presentation (USB and email)<br />\r\n\xa0 \xa0- Printouts of presentation, full paper and/or relevant handouts (optional)<br />\r\n\xa0 \xa0- Business cards</p>\r\n\r\n<p><strong>Note:</strong>\xa0<em>Please ensure that the file name of your presentation begins with your own name, rather than naming the file “<strong>Gender</strong>” or “<strong>United States</strong>”. This ensures you don’t waste valuable presentation time searching for the file.</em></p>\r\n\r\n<p><br />\r\n<strong>Poster Guidelines:</strong><br />\r\n\xa0 \xa0- All posters will be allotted with a poster number in the final program. Presenters must locate their assigned poster display, which will be numbered, and hang their poster 1 hour before the poster session starts. Pasting or Hanging materials will be provided.<br />\r\n\xa0 \xa0- Poster Dimensions: The display area for each poster on the poster board is 1 m wide by 1 m high.<br />\r\n\xa0 \xa0- All posters should be prepared in advance and brought to the conference by the presenters.<br />\r\n\xa0 \xa0- On-site printing is NOT facilitated; it should be done in advance by the presenter.<br />\r\n\xa0 \xa0- Presenters are asked to be available at their posters during the full poster session to discuss their posters with interested viewers.<br />\r\n\xa0 \xa0- You need to collect your poster by end of the day; we dispose the posters left behind.<br />\r\n\xa0 \xa0- Best Poster awards will be decided by poster judge and announced at the end of poster session.</p>\r\n\r\n<p><br />\r\n<strong>Tips for Virtual Presentation:</strong><br />\r\n\xa0 \xa0- Registered participants will receive the meeting invite with\xa0<strong>personalized user ID</strong>\xa0for webinar access few days before the event.<br />\r\n\xa0 \xa0- Please join the meeting\xa0<strong>30 minutes early</strong>, to minimize last minute technical issues.<br />\r\n\xa0 \xa0- Each speaker will have\xa0<strong>20-25 minutes for presentation</strong>. Please plan your talk for 17-19 minutes to allow for introduction and Q&A session at the end of your talk. In order to stay in track of time, please ensure that you start and end your presentation on the times indicated in the program.<br />\r\n\xa0 \xa0- Ensure that your\xa0<strong>device meets the system requirements\xa0</strong>for running the application<br />\r\n\xa0 \xa0- If you are a presenter,\xa0<strong>be ready with your presentation slides open</strong>\xa0in your device when the meeting starts. You can share that document while sharing your screen.<br />\r\n\xa0 \xa0- If you would like to send the recorded presentation instead of attending and presenting online, we recommend you to send the recorded files along with power point presentation before 10 days of event start date.<br />\r\n\xa0 \xa0-\xa0<strong>Only the speaker's audio</strong>\xa0should be active. If anyone has questions to ask,\xa0you can unmute the microphone at the end of the talk.</p>\r\n"
9,<blank>,2021-11-24 11:58:10,<blank>,<blank>,NULL,<blank>,Sponsorship Exhibitor,<blank>,<blank>,<blank>,1,<blank>,<blank>,"<p>Sciinov Group (SG) is initiated to meet a need and to pursue collective goals of the scientific community specifically focusing in the field of Science, Engineering, and technology to endorse exchanging of the ideas & knowledge which facilitate the collaboration between the scientists, academicians and researchers of same field or interdisciplinary research.</p>\r\n\r\n<p>Sciinov group is proficient in organizing conferences, meetings, seminars and workshops with the ingenious and peerless speakers throughout the world providing you and your organization with a broad range of networking opportunities to globalize your research and create your own identity. Our conferences and workshops can be well titled as &lsquo;ocean of knowledge’ where you can sail your boat and pick the pearls, leading the way for innovative research and strategies empowering the strength by overwhelming the complications associated within the respective fields.</p>\r\n\r\n<p>In a very short duration, Sciinov group succeeded in mounting a unique platform for professionals, budding researchers and experts from different countries, universities, hospitals, research institutions, industries and companies, building an opportunity to easily socialize and discuss their goals, techniques of research, latest science discoveries, facts and news. Our organization runs promptly with dedicated and proficient employees’ managing different conferences throughout the world, without compromising service and quality.</p>\r\n"
10,<blank>,2021-11-24 12:24:46,<blank>,<blank>,NULL,<blank>,<strong>About</strong> Conference,<blank>,<blank>,<blank>,1,<blank>,<blank>,"<p style=""text-align:justify""><a href=""https://sciinovgroup.com/""><strong>Sciinov Group</strong></a> welcomes you to the <strong>“5th Edition: Global Congress on Gender & Sexuality Studies</strong> (Gender & Sexuality Studies 2024)&rdquo; <strong>HYBRID EVENT</strong> during <strong>March 25-26, 2024</strong>\xa0in <strong><a href=""https://genderstudycongress.com/"">Las Vegas</a>, <a href=""https://genderstudycongress.com/"">USA</a></strong>. The Gender & Sexuality Studies 2024\xa0is scheduled in Hybrid Mode and will allow participants to join In-Person at Las Vegas or Virtually from Home or Office.</p>\r\n\r\n<p>The main theme of the congress is &ldquo;<em>Gender and Sexuality in Modern World</em>”</p>\r\n\r\n<p><strong>Gender & Sexuality Studies 2024</strong>\xa0aims to bring together current research on gender and sexuality and provides you the opportunity to share your thoughts, exchange ideas, listen to renowned keynote speakers, extend your network and jointly explore current and future research directions. On behalf of the Organizing Committee of the Gender & Sexuality Studies 2024\xa0we would like to invite researchers, Ph.D. candidates, scholars, activists, and practitioners from various fields to participate and contribute to promoting and disseminating scientific knowledge in the area of gender studies and sexuality.</p>\r\n\r\n<p>In the two-day conference, top experts and academicians will accompany you to share research findings, and generate new ideas in the various areas of gender equality legislation, cultural and social understandings of genders, discriminatory practices, feminist studies, women&rsquo;s studies, masculinity studies, LGBT rights, transgender identities, gender activism, personal stories, and many others. We will have an impressive line-up of speakers, panellist, academics and researchers who will engage in a stimulating blend of keynote addresses and debates.</p>\r\n\r\n<p><strong>Gender and Sexuality Studies 2024\xa0</strong>will zoom in on pressing challenges in the field and the barriers that communities face on global, regional, and local levels in their fight for gender equality. Gender and Sexuality Studies 2024\xa0will take place in the lively city of <strong>Las Vegas, USA</strong>on the <strong>March 25-26, 2024</strong>. While we are looking forward to meeting our attendees at the venue, if you can’t travel to Las Vegas, make sure to register as a virtual participant.</p>\r\n"
11,<blank>,2021-11-24 12:58:26,<blank>,genderstudies@caucuscentric.com,NULL,+ 1 732 526 1166,General Queries,<blank>,<blank>,<blank>,1,<blank>,<blank>,<blank>
12,<blank>,2021-11-24 12:58:52,<blank>,maryjones@genderstudycongress.com,NULL,+1 732 526 1166,Program Enquiry,<blank>,<blank>,<blank>,1,<blank>,<blank>,<blank>
13,<blank>,2021-11-24 12:59:17,<blank>,finance@sciinov.com,NULL,+1 732 526 1166,Finance,<blank>,<blank>,<blank>,1,<blank>,<blank>,<blank>
14,<blank>,2021-11-24 12:59:41,<blank>,maryjones@caucuscentric.com,NULL,+1 732 526 1166,Sponsors/Exhibitions,<blank>,<blank>,<blank>,1,<blank>,<blank>,<blank>
15,<blank>,2021-11-24 13:00:04,<blank>,info@caucuscentric.com,NULL,<blank>,Organizer,<blank>,<blank>,<blank>,1,<blank>,<blank>,<blank>
16,<blank>,2021-11-24 13:00:23,<blank>,maryjones@caucuscentric.com,NULL,<blank>,Conference Secretariet,<blank>,<blank>,<blank>,1,<blank>,<blank>,<blank>
17,<blank>,2021-11-24 13:07:23,<blank>,<blank>,NULL,<blank>,Venue And Hospitality,<blank>,<blank>,<blank>,1,<blank>,<blank>,"<p>The conference will takes place in the following dates and location:</p>\r\n\r\n<p><strong>Venue Address:</strong></p>\r\n\r\n<p>SAHARA LAS VEGAS<br />\r\n2535 LAS VEGAS BOULEVARD SOUTH<br />\r\nLAS VEGAS, NV 89109</p>\r\n\r\n<p><strong>Conference Dates:</strong>\xa0<em>March\xa025-26, 2024</em></p>\r\n"
18,"<iframe src=""https://www.google.com/maps/embed?pb=!1m14!1m8!1m3!1d12887.976683240651!2d-115.1567235!3d36.1423552!3m2!1i1024!2i768!4f13.1!3m3!1m2!1s0x80c8c476d44caf15:0x6b876068ced54096!2sSAHARA Las Vegas!5e0!3m2!1sen!2sin!4v1684916256526!5m2!1sen!2sin"" width=""600"" height=""450"" style=""border:0;"" allowfullscreen="""" loading=""lazy"" referrerpolicy=""no-referrer-when-downgrade""></iframe>",2021-11-24 13:10:02,<blank>,<blank>,NULL,<blank>,Venue And Hospitality Map,<blank>,<blank>,<blank>,1,<blank>,<blank>,<blank>
19,<blank>,2021-11-24 13:15:43,<blank>,<blank>,NULL,<blank>,Registration Includes,<blank>,<blank>,<blank>,1,<blank>,<blank>,"<p>The Conference Registration Includes:</p>\r\n\r\n<p><strong>For In-Person Participants:</strong><br />\r\nAccess (Entry) to all conference sessions, poster and exhibition area<br />\r\nConference kit including name tag, program booklet and Abstract Book<br />\r\n2 Coffee breaks and Lunch for all the conference days<br />\r\nCertificate accreditation from Organizing Committee<br />\r\n<strong>Note:</strong> Participants registered under Listener and accompanying category are not allowed to present their papers in Oral or Poster sessions.</p>\r\n\r\n<p><strong>For Virtual Participants:</strong><br />\r\nThis category allows participants to present at the conference virtually from home or work without attending In person<br />\r\nAccess to all Presentations<br />\r\nE-Abstract Book and Program<br />\r\nE-Certificate for Presentation and Participation<br />\r\n\xa0 \xa0 \xa0 \xa0 \xa0\xa0<br />\r\n<strong>Accommodation Includes:</strong><br />\r\nComplimentary Breakfast<br />\r\nComplimentary Wi-Fi<br />\r\nFree On Site Parking<br />\r\nIn House Restaurant<br />\r\nGym<br />\r\nCheck-in: 2:00 PM, Check-out: 12:00 PM</p>\r\n\r\n<p>\xa0</p>\r\n"
20,<blank>,2021-11-24 13:16:22,<blank>,<blank>,NULL,<blank>,Refund/Cancellation Policy,<blank>,<blank>,<blank>,1,<blank>,<blank>,"<p><strong>Refund/Cancellation Policy:</strong><br />\r\nAll cancellations must be sent in writing via e-mail to the conference secretary<br />\r\nCancellation before 90 days of the conference start date will receive a full refund, less a $100 towards processing fee<br />\r\nCancellations order placed within 90 days of the conference start date is non-refundable but trasferred to upcoming event<br />\r\nRegistrations are transferable until March 25, 2024\xa0and any transfer requests after March 25, 2024\xa0are not transferable\xa0<br />\r\nRefunds will be made in the second week after the completion of the conference<br />\r\n<strong>Note:</strong>\xa0Refund/Cancellation Policy is not applicable if the conference is postponed due to natural disasters or unpredictable activities beyond organizers control including without limitation, force majeure, natural disasters, sabotage, accident, trade or industrial disputes, terrorism, strikes or hostilities. The organizer will provide opportunity for the registered participants to transfer their registration fee and accommodation charges to any future editions or related conferences.</p>\r\n\r\n<p><strong>Terms and Conditions:</strong><br />\r\nBy registering for the conference you hereby agree the terms and conditions.<br />\r\nThe organization reserves the right to make alterations to the program, date and/or venue at any time without prior notice.<br />\r\nOrganization is not responsible for any loss or damage as a result of substitution, alteration, postponement or cancellation of an event due to causes beyond its control including without limitation, force majeure, natural disasters, sabotage, accident, trade or industrial disputes, terrorism, strikes or hostilities.<br />\r\nThe organization reserves the right and holds the sole discretion to cancel any conference at any time in case of any unavoidable and unforeseeable circumstances. Organizer will have no further liability to the client.<br />\r\nRegistrations remain valid for event with new dates or for future editions, if the conference has to be postponed by causes beyond organizer control. Refund policy is not applicable in this condition.<br />\r\nIn the event of cancellation, the organization will use reasonable and suitable alternative arrangements such as posting the news of cancellation on the appropriate event website to alert those who have booked or purchased tickets to attend the event.<br />\r\nDelegates are responsible for checking this information prior to the event. We advised to keep checking the website for updates of our conference.<br />\r\nThe organizers will not accept any liability for personal injuries or for loss or damage to property belonging to the delegates, either during, or as a result of the conference.\xa0</p>\r\n"
21,<blank>,2021-11-24 13:18:36,<blank>,<blank>,NULL,<blank>,GET IN TOUCH,<blank>,<blank>,<blank>,1,<blank>,<blank>,<p>Feel Free to drop a line well get back to you within 24 hr minimum in case of quick assistance you can call or you can also email us at the given bellow information</p>\r\n
22,<blank>,2021-11-24 18:20:32,<blank>,<blank>,NULL,<blank>,"2nd Round Abstract Submission Ends on Jan 26th, 2024",<blank>,<blank>,<blank>,1,<blank>,<blank>,<blank>
23,<blank>,2021-11-24 18:21:20,<blank>,<blank>,NULL,<blank>,"Mid-Term Registration Ends on Jan 31st, 2024",<blank>,<blank>,<blank>,1,<blank>,<blank>,<blank>
24,<blank>,2021-11-24 18:21:44,<blank>,<blank>,NULL,<blank>,On Spot,<blank>,<blank>,<blank>,1,<blank>,<blank>,<blank>
25,<blank>,2021-11-25 06:22:45,<blank>,<blank>,NULL,<blank>,Terms and Conditions,<blank>,<blank>,<blank>,1,<blank>,<blank>,"<ul>\r\n\t<li>By registering for the conference you hereby agree the terms and conditions.</li>\r\n\t<li>The organization reserves the right to make alterations to the program, date and/or venue at any time without prior notice.</li>\r\n\t<li>Organization is not responsible for any loss or damage as a result of substitution, alteration, postponement or cancellation of an event due to causes beyond its control including without limitation, force majeure, natural disasters, sabotage, accident, trade or industrial disputes, terrorism, strikes or hostilities.</li>\r\n\t<li>The organization reserves the right and holds the sole discretion to cancel any conference at any time in case of any unavoidable and unforeseeable circumstances. Organizer will have no further liability to the client.</li>\r\n\t<li>Registrations remain valid for event with new dates or for future editions, if the conference has to be postponed by causes beyond organizer control. Refund policy is not applicable in this condition.</li>\r\n\t<li>In the event of cancellation, the organization will use reasonable and suitable alternative arrangements such as posting the news of cancellation on the appropriate event website to alert those who have booked or purchased tickets to attend the event.</li>\r\n\t<li>Delegates are responsible for checking this information prior to the event. We advised to keep checking the website for updates of our conference.</li>\r\n\t<li>The organizers will not accept any liability for personal injuries or for loss or damage to property belonging to the delegates, either during, or as a result of the conference.<br />\r\n\t​</li>\r\n</ul>\r\n"
26,<blank>,2021-11-25 06:24:57,<blank>,<blank>,NULL,<blank>,Privacy Policy,<blank>,<blank>,<blank>,1,<blank>,<blank>,"<p>We, Sciinov Group respect the privacy of the users of our website and are committed to protect the personal information that Users may share with us. This Privacy Statement describes our practices regarding the collection, use and disclosure of information which we may obtain when you visit our website from which you are accessing this Privacy Statement or when you participate in any of the online forums, platforms, newsletters or other digital activities carried out by us on the Site. This Privacy Statement also describes your choices regarding the use, access and correction of your personal information.</p>\r\n\r\n<p><strong>Collection of Personal Information</strong></p>\r\n\r\n<p>The information collected directly from a user may include contact information, such as the user’s name, contact information, and postal address. This personal information can be used only for communicating with you about our conferences.</p>\r\n\r\n<p>We may retain your personal information for as long as it is relevant to our business purposes or until you request that we remove it.</p>\r\n\r\n<p>We endeavour to keep your personal information confidential and protected against unauthorized access, loss, misuse or alteration through the use of appropriate administrative, physical and technical safeguards. The information about each user is stored on systems that are subject to appropriate security measures, and we limit employee access to such information.</p>\r\n\r\n<p><strong>What do we do with your personal information?</strong></p>\r\n\r\n<p>Sciinov Group uses your personal information to provide you with details of our conferences, programs or news that we think will be of interest to you. We may also use the information to process any internal administration and analysis.</p>\r\n\r\n<p>We do not sell, rent or trade your personal information to third parties.</p>\r\n\r\n<p><strong>How We Share the Information We Collect:</strong></p>\r\n\r\n<p>If you attend a Sciinov Group conference, we may publish some of your information. For example, full contact information of those who have registered for a meeting may be published in the abstract book. Attendee names and institutions may be listed on our website. We may share your contact information with speakers of a conference to assist them with the duties of planning and organizing the meeting. We may also publish information such as attendee names, education or professional background, or photographs in material produced by Sciinov Group, and photographs of meeting interactions may be used in our marketing literature. Additionally, we may publish this information for Board Members, the Scientific Advisory Board, and other people who participate in programming the activities.</p>\r\n\r\n<p><strong>Your Rights and Choices:</strong></p>\r\n\r\n<p>You have choices regarding our use and disclosure of your Personal Data. If you no longer want to receive marketing-related emails from us, you may opt-out via the unsubscribe link included in such emails. We will try to comply with your request(s) as soon as reasonably practicable. Or, if you would like to review, correct, or update Personal Data that you have previously disclosed to us, you may do so by contacting us.</p>\r\n\r\n<p><strong>Photography & Filming</strong></p>\r\n\r\n<p>For promotional purposes, there may be a photographer and video production taking place during the conference. Delegates who do not wish to be filmed or recorded should advise the organizers by email info@caucuscentric.com.</p>\r\n\r\n<p><strong>Public Information:</strong></p>\r\n\r\n<p>We may also display personal testimonials of attendees on our Site along with your name in addition to other endorsements. If you wish to update or delete your testimonial, you can contact us at contact@caucuscentric.com.</p>\r\n\r\n<p><strong>Security</strong></p>\r\n\r\n<p>The security of your Personal Information is important to us, and we strive to implement and maintain reasonable, commercially acceptable security procedures and practices appropriate to the nature of the information we store, in order to protect it from unauthorized access, destruction, use, modification, or disclosure.</p>\r\n\r\n<p>However, please be aware that no method of transmission over the internet, or method of electronic storage is 100% secure and we are unable to guarantee the absolute security of the Personal Information we have collected from you.</p>\r\n\r\n<p><strong>Cookies and Tracking Technologies:</strong></p>\r\n\r\n<p>We may collect information through the Site by way of cookies or other tracking technologies. Cookies and other tracking technologies are script files that facilitate the collection of Non-Personal information, such as the number of visitors to the Site, and how each visitor arrived at the Site.\xa0 You may be able to reject or block cookies or tracking technologies on the Site by adjusting your browser settings.\xa0 Most browsers offer instructions on how to reset the browser to reject cookies in the &ldquo;Help” section of the toolbar.\xa0 If you elect to reject cookies and other tracking technologies, we may not be able to deliver certain information or services to you.</p>\r\n\r\n<p><strong>Children’s Privacy Protection</strong></p>\r\n\r\n<p>We understand the importance of protecting children’s privacy in the interactive online world. The Site is not designed for or intentionally targeted at children 18 years of age or younger.\xa0 We do not knowingly collect or maintain personal information from children under the age of 18 through the Site. If you are under 18, please do not give us any personal information. We encourage parents and legal guardians to monitor their children’s Internet usage and to help enforce our Privacy Policy by instructing their children never to provide personal information through the Site without their permission. If you have reason to believe that a child under the age of 18 has provided personal information to us, please contact us, and we will endeavour to delete that information from our databases.</p>\r\n\r\n<p><strong>Changes To Our Privacy Policy</strong></p>\r\n\r\n<p>This Privacy Policy is effective as of the date stated at the top of this Privacy Policy. We may change this Privacy Policy from time to time with or without notice to you. Any such changes will be posted on the Site. By accessing the Site after we make any such changes to this Privacy Policy, you are deemed to have accepted such changes. Please be aware that, to the extent permitted by applicable law, our use of your information is governed by the Privacy Policy in effect at the time we collect the relevant information. Please refer back to this Privacy Policy on a regular basis.</p>\r\n\r\n<p><strong>Consent</strong></p>\r\n\r\n<p>By disclosing your personal information to us using this website or over the telephone, you consent to the collection, storage and processing of your personal information by magnusgroup.org accordance with this Privacy policy.</p>\r\n\r\n<p>Sandra Dare</p>\r\n\r\n<p>Technical Director</p>\r\n\r\n<p><strong>Contact Us:</strong></p>\r\n\r\n<p>If you have any questions or complaints about this Privacy Policy, please contact us electronically or send physical mail to contact@caucuscentric.com</p>\r\n"
27,<blank>,2021-11-30 13:31:44,<blank>,<blank>,NULL,<blank>,Refer A Colleague,<blank>,<blank>,<blank>,1,<blank>,<blank>,<p>Wouldn't the world be a better place if we all shared more? If you feel this event could benefit your colleagues current focus then please use the box below to refer the event to them. In doing so you will also do them another good deed in saving them $200 on their registration fee!</p>\r\n\r\n<p>Please enter the details below to inform your colleague about this event</p>\r\n
28,<blank>,2021-12-01 06:40:22,<blank>,<blank>,NULL,<blank>,<strong>2024</strong>  Speakers,<blank>,<blank>,<blank>,1,<blank>,<blank>,"<p>Will be bringing you the latest scientific research, clinical best practice and an opportunity to network</p>\r\n"
29,<blank>,2021-12-01 07:06:35,<blank>,<blank>,NULL,<blank>,<strong>Past Edition Speakers</strong>,<blank>,<blank>,<blank>,1,<blank>,<blank>,"<p>Oversees the production and development of the scientific program, and are key vehicles for developing and progressing the objectives</p>\r\n"
30,<blank>,2021-12-03 06:47:17,<blank>,<blank>,NULL,<blank>,Hybrid Event,<blank>,<blank>,<blank>,1,<blank>,<blank>,<blank>

