id,now,link,image,title,status
1,2021-11-26 08:43:10,https://doloxe.com/,uploads/images/Doloxe-logo-highres.png.png,<blank>,1
2,2021-11-26 08:43:19,https://www.crowdreviews.com/,uploads/images/imageedit_16_8539199439 (1).jpg.jpg,<blank>,1
3,2021-11-26 08:43:28,https://maxinium.com/,uploads/images/maxinium-light-logo.png.png,<blank>,0
4,2021-11-26 08:43:37,https://www.placidway.com/,uploads/images/1566817883_pw-logo.png.png,<blank>,1
5,2021-11-26 08:43:46,https://benthamscience.com/,uploads/images/mediaPartner3 (1).jpg.jpg,<blank>,0
6,2022-11-21 14:07:15,https://allconferencealert.net/ ,uploads/images/net new logo (3) (1).jpg.jpg,<blank>,1
7,2023-11-01 07:49:00,https://www.until.org/,uploads/images/Transparent Logo (10) (1).png.png,<blank>,1

