id,alt,now,image,title,status
1,image,2021-11-25 08:44:13,uploads/images/WhatsApp Image 2021-12-03 at 7.10.35 PM (2).jpeg.jpeg,<blank>,1
9,<blank>,2021-12-03 14:45:33,uploads/images/WhatsApp Image 2021-12-03 at 7.11.02 PM.jpeg.jpeg,<blank>,1
12,<blank>,2021-12-03 14:49:42,uploads/images/2024_0-min.jpg.jpg,<blank>,1
14,<blank>,2021-12-03 14:52:58,uploads/images/Screenshot_11.png.png,<blank>,1
17,<blank>,2021-12-03 15:09:16,uploads/images/2024_1-min.jpg.jpg,<blank>,1
18,<blank>,2021-12-03 15:09:33,uploads/images/WhatsApp Image 2021-12-03 at 7.38.07 PM.jpeg.jpeg,<blank>,1
19,<blank>,2021-12-03 15:09:41,uploads/images/2024_2-min.jpg.jpg,<blank>,1
21,<blank>,2021-12-03 15:10:00,uploads/images/WhatsApp Image 2021-12-03 at 7.37.24 PM.jpeg.jpeg,<blank>,1
23,<blank>,2021-12-04 07:57:10,uploads/images/2024_3-min.jpg.jpg,<blank>,1
24,<blank>,2021-12-04 08:35:32,uploads/images/WhatsApp Image 2021-12-03 at 7.37.25 PM (1).jpeg.jpeg,<blank>,1
25,<blank>,2021-12-04 08:35:45,uploads/images/WhatsApp Image 2021-12-03 at 7.37.23 PM (1).jpeg.jpeg,<blank>,1
26,<blank>,2021-12-04 08:35:55,uploads/images/WhatsApp Image 2021-12-03 at 7.36.28 PM (1).jpeg.jpeg,<blank>,1
27,<blank>,2023-06-16 07:35:07,uploads/images/2024_4-min.jpg.jpg,<blank>,1
28,<blank>,2023-06-16 07:35:23,uploads/images/2024_5-min.jpg.jpg,<blank>,1
29,<blank>,2023-06-16 07:35:32,uploads/images/2024_5-min.jpg.jpg,<blank>,1
30,<blank>,2023-06-16 07:35:41,uploads/images/2024_6-min.jpg.jpg,<blank>,1
31,<blank>,2023-06-16 07:35:52,uploads/images/2024_7-min.jpg.jpg,<blank>,1
34,<blank>,2023-06-16 07:36:58,uploads/images/2024_8-min.jpg.jpg,<blank>,1
35,<blank>,2023-06-16 07:37:17,uploads/images/2024_9-min.jpg.jpg,<blank>,1

