id,now,pdf,link,pdf1,image,title,date,image1,title1,title2,status,description
1,2020-01-13 08:34:08,uploads/images/Q1 2021 Gender-Book.pdf.pdf,https://genderstudycongress.com/speakers.php?id=2 ,uploads/images/Q1 2021 Gender-Program.pdf.pdf,uploads/images/1639223111xxx.png.png,2nd International Meet on Gender and Sexuality Studies,"Saturday, January 23rd 2021, 9:00am - 6:00pm (EST)",uploads/images/1xxxx.png.png,Conference Book,Conference Program,1,"<p>Sciinov Group organised <strong>2nd\xa0International Meet on Gender and Sexuality Studies\xa0</strong>held during\xa0<strong>Saturday, January 23<sup>rd</sup>\xa02021</strong>, 9:00am - 6:00pm (EST) as a successful event with participants from all over the world.</p>\r\n\r\n<p>Our Special thanks to keynote speakers, moderators and chairs who helped in smooth functioning of the event. This event provided a virtual platform to discuss and address the latest issues and developments in the field of Gender and Sexuality.</p>\r\n\r\n<p>Please be sure to visit\xa0<a href=""https://genderstudycongress.com/"">https://genderstudycongress.com/</a>\xa0to check regular updates.</p>\r\n"
3,2021-12-11 16:05:40,uploads/images/Gender and Sexuality Proceeding Book.pdf.pdf,https://genderstudycongress.com/speakers.php?id=4,uploads/images/Gender and Sexuality program sheet.pdf.pdf,uploads/images/1639235140Book image.png.png,International Meet On Gender And Sexuality Studies,"Saturday, September 5th 2020, 9:00am - 6:00pm  CET",uploads/images/3Book image.png.png,Conference Book,Conference Program,1,"<p><strong>Sciinov Group</strong> organised\xa0“<strong>International Meet on Gender and Sexuality Studies”\xa0</strong>held during\xa0<strong>Saturday, September 5<sup>th</sup> 2020</strong>, 9:00am - 6:00pm (CET) as a successful event with participants from all over the world.</p>\r\n\r\n<p><span style=""font-family:open sans,sans-serif; font-size:14px"">Our Special thanks to keynote speakers, moderators and chairs who helped in smooth functioning of the event. This event provided a virtual platform to discuss and address the latest issues and developments in the field of Gender and Sexuality.</span></p>\r\n\r\n<p>Please be sure to visit\xa0<a href=""https://genderstudycongress.com/"">https://genderstudycongress.com/</a>\xa0to check regular updates.</p>\r\n"
4,2022-10-29 10:43:05,uploads/images/Gender 2022 Brochure.pdf.pdf,https://genderstudycongress.com/speakers.php?id=3,uploads/images/Gender and Sexuality 2022_Final Program.pdf.pdf,uploads/images/1667032985Screenshot_1.png.png,3rd Edition: Gender & Sexuality Studies,"24 -25, October, 2022",uploads/images/4Screenshot_2.png.png,Brochure,Conference Program,1,"<p><strong>Sciinov Group</strong> organised <strong>3rd Edition: Gender & Sexuality Studies </strong>held during <strong>October 24-25, 2022 </strong>at <strong>Dubai, UAE</strong> witnessed an amalgamation of outstanding speakers who enlightened the crowd with their knowledge and confabulated on various new-fangled topics related to the field of <strong>Gender & Sexuality Studies</strong>.<br />\r\nThe Meeting was not meant to be a single event, but a starting point for a series of events that helps to promote various research activities.<br />\r\nPlease be sure to visit <a href=""https://genderstudycongress.com/"">https://genderstudycongress.com/</a> to check regular updates.</p>\r\n"
5,2023-07-18 13:32:32,uploads/images/Gender 2023 - Program PF 2 (1)_compressed.pdf.pdf,https://genderstudycongress.com/speakers.php?id=4,uploads/images/Gender-2023 Book PF 2_compressed.pdf.pdf,uploads/images/1689679952program.png.png,4th Edition: Gender and Sexuality Conference,"JUNE 12-13, 2023 | BUDAPEST, HUNGARY",uploads/images/5Book.png.png,Conference Program,Proceedings Book,1,"<p>Sciinov Group organised 4<sup>th</sup> Edition: Gender & Sexuality Studies held during June 12-13, 2023 at Budapest, Hungary \xa0witnessed an amalgamation of outstanding speakers who enlightened the crowd with their knowledge and confabulated on various new-fangled topics related to the field of Gender & Sexuality Studies.</p>\r\n\r\n<p>The Meeting was not meant to be a single event, but a starting point for a series of events that helps to promote various research activities.</p>\r\n\r\n<p>Please be sure to visit https://genderstudycongress.com/ to check regular updates.</p>\r\n"

