id,now,pdf,image,title,status
1,2021-11-26 06:27:30,uploads/images/Gender and Sexuality Studies 2024_Brochure_compressed.pdf.pdf,<blank>,Brochure Download,1
2,2021-11-26 06:27:50,uploads/images/SPONSORSHIP (1).pdf.pdf,<blank>,Sponsorship Exhibitor,1
3,2021-11-26 06:28:11,uploads/images/Sample Abstract Template.doc.doc,<blank>,Sample Abstract Template,1
4,2021-11-26 06:28:29,uploads/images/Gender and Sexuality 2022_Final Program.pdf.pdf,<blank>,Tentative Program,1
5,2021-12-01 11:07:26,uploads/images/Sample PPT.pptx.pptx,<blank>,PowerPoint Presentation Template,1
6,2021-12-01 11:09:05,<blank>,<blank>,Word File Presentation Template,1
7,2021-12-01 11:09:32,<blank>,uploads/images/1688466391Gender1.png.png,Flyer to Share in LinkedIn,1
8,2021-12-01 11:09:52,<blank>,uploads/images/1688466401Gendr2.png.png,Flyer to share in Twitter & Facebook,1

