id,now,email,phone,name,country,message,organization
1,2022-03-28 08:35:35,vijaypalsingh3@gmail.com,+919235885777,VIJAY P SINGH,India,<blank>,INDIAN INSTITUTE OF MANAGEMENT LUCKNOW
2,2022-06-06 16:11:06,rajesharja90@gmail.com,8074581910,saswati mishra,Afghanistan,<blank>,Sciinov Group
3,2022-06-06 16:13:20,rajesharja90@gmail.com,8074581910,saswati mishra,United Arab Emirates,<blank>,Sciinov Group
4,2023-01-11 11:27:37,millicentmuzenda08@gmail.com,+263776443434,Millicent Muzenda,Zimbabwe,Hi i want to know more about sponsorship ,Youth gate zimbabwe trust
5,2023-10-13 07:53:05,rajesharja90@gmail.com,08074581910,Rajesh Arja,India,<blank>,Sciinov Group
6,2024-01-16 11:16:39,alecchikopa@yahoo.co.uk,+265999893192,Alec Chikopa,Malawi,i would love to attend the conference in person to interact with other people from different countries and backgrounds and share experiences . If theres anyone who can assist me in sponsoring this trip for me. i would be grateful ,The Salvation Army

