id,now,about,image,title,script,status,description
1,2021-11-25 13:00:18,USA,uploads/images/1881681708026.jpg.jpg,"Stephanie Bonvissuto, Ph.D.",3JmzLa5ZDYw,1,<p>I found the conference went very well and included a plethora of critical international information and voices and experiences. I am both professionally and personally glad to have been a part of this event.</p>\r\n
2,2021-11-25 13:00:49,UK,uploads/images/1511673517002.jpg.jpg,Jenni Gates ,pb6Q3PnYNqc,1,<div>Thanks so much for a wonderful conference!\xa0\xa0</div>\r\n
3,2021-11-25 13:01:05,Spain,uploads/images/1811680514992.jpg.jpg,Teresa Terrón-Caro,LqMb3B5fuVk,1,<div>I would like to congratulate you on the development of the International Congress held on June 12 and 13.</div>\r\n
4,2023-06-16 07:17:26,USA,uploads/images/1771679889419.jpg.jpg,Alisha Parikh,pb6Q3PnYNqc,1,<p>It was a wonderful experience for me\xa0</p>\r\n
5,2023-06-16 07:19:43,India,uploads/images/1801680496589.jpg.jpg,Harish Sadani,pb6Q3PnYNqc,1,<p>Thank you for the successful organizing of the Global Congress on Gender and Sexuality in Budapest.\xa0</p>\r\n
6,2023-06-16 14:12:26,UK,uploads/images/1711679668910.jpg.jpg,Huanyu Huang,pb6Q3PnYNqc,1,<p>It was a lovely time to meet and chat with different scholars all around the world in Budapest</p>\r\n

