id,now,image,title,script,status
2,2021-11-26 08:49:07,uploads/images/21673003120.png,The Queer Soul of Mary Shelley's 'Frankenstein',4Cfl6drJAZ8,1
3,2021-11-26 08:49:25,uploads/images/31673003177.png,<blank>,pMoA7c7UJfU,1
4,2021-11-26 08:49:37,uploads/images/41673003276.png,Swing in between: Ambivalent gender roles in Shirley Lim’s Sister Swing,l3yzbi_ztak,1
5,2021-12-04 08:31:47,uploads/images/51673003362.png,<blank>,SWJMiVfu-fU,1
6,2023-01-06 12:02:58,uploads/images/61673002978.png,"His porn, her pain: When women don’t want men to watch porn",qtZTqDt_mFE,1
7,2023-01-06 12:11:49,uploads/images/71673003509.png,<blank>,SWJMiVfu-fU,1
8,2023-01-06 12:12:40,uploads/images/81673003560.png,Coming Out as an Afro-Caribbean Trans Woman: The Case of Alex/Sacha,ZSRX1GgUl9U,1
9,2023-01-06 12:17:02,uploads/images/91673003932.png,"Gender and Technology: New times, new challenges, new approaches",kArKUqYtGNo,1
10,2023-01-06 12:18:00,uploads/images/101673003880.png,<blank>,lpGQxMKl2w0,1
11,2023-01-06 12:19:42,uploads/images/111673003982.png,<blank>,6t3zBiA70k0,1
12,2023-01-06 12:20:36,uploads/images/121673004036.png,<blank>,yhEytWgh9lQ,1
13,2023-01-06 12:21:17,uploads/images/131673004077.png,<blank>,Wfn_EPf0RWo,1
14,2023-01-06 12:21:56,uploads/images/141673004116.png,<blank>,fsxoQunh_U4,1
15,2023-01-06 12:22:33,uploads/images/151673004153.png,<blank>,ofP1qhGjP4Q,1
16,2023-01-06 12:23:16,uploads/images/161673004196.png,<blank>,bvY_7f6PpsM,1
17,2023-01-06 15:22:17,uploads/images/171673014937.png,<blank>,iGSxpBJXgCw,1
18,2023-01-06 15:23:41,uploads/images/181673015021.png,<blank>,_GMNgwu66p4,1

